g_Src_Dest	source	sink	length	paths	type
Tyr321_loop38	321	578	2.4658641003596378	8	WT
Tyr321_loop38	321	578	2.529604242333649	8	Y321A
Tyr321_loop38	321	579	2.439523512857577	8	WT
Tyr321_loop38	321	579	2.760049432213636	8	Y321A
Tyr321_loop38	321	580	2.6669850576214333	8	WT
Tyr321_loop38	321	580	2.859393407922773	8	Y321A
Tyr321_loop38	321	581	2.7911219318840645	8	WT
Tyr321_loop38	321	581	3.0439203873616174	8	Y321A
Tyr321_loop38	321	582	2.837021541283705	8	WT
Tyr321_loop38	321	582	2.660431040274798	8	Y321A
Tyr321_loop38	321	583	2.541188209138149	8	WT
Tyr321_loop38	321	583	2.357635890229929	8	Y321A
Tyr321_loop38	321	584	2.278714929239659	8	WT
Tyr321_loop38	321	584	2.083914274264071	8	Y321A
Tyr321_loop38	321	585	2.249827415651482	8	WT
Tyr321_loop38	321	585	1.9672556755074322	8	Y321A
Tyr321_loop11	321	292	1.6199304967607568	19	WT
Tyr321_loop11	321	292	1.5099115543329291	19	Y321A
Tyr321_loop11	321	293	1.8277314352133378	19	WT
Tyr321_loop11	321	293	1.652409063847902	19	Y321A
Tyr321_loop11	321	294	2.0371695695662977	19	WT
Tyr321_loop11	321	294	1.874901473737675	19	Y321A
Tyr321_loop11	321	295	2.229490430851339	19	WT
Tyr321_loop11	321	295	2.046238443813215	19	Y321A
Tyr321_loop11	321	296	2.5108644800572666	19	WT
Tyr321_loop11	321	296	2.9623134810313894	19	Y321A
Tyr321_loop11	321	297	2.474587145299859	19	WT
Tyr321_loop11	321	297	2.6171778331791953	19	Y321A
Tyr321_loop11	321	298	2.773425192891891	19	WT
Tyr321_loop11	321	298	2.307250956116245	19	Y321A
Tyr321_loop11	321	299	3.149613961352527	19	WT
Tyr321_loop11	321	299	2.625759683611761	19	Y321A
Tyr321_loop11	321	300	3.562725103396543	19	WT
Tyr321_loop11	321	300	2.918841838364845	19	Y321A
Tyr321_loop11	321	301	2.840779445346315	19	WT
Tyr321_loop11	321	301	2.8049622164736405	19	Y321A
Tyr321_loop11	321	302	2.779186533410326	19	WT
Tyr321_loop11	321	302	2.6345269012550805	19	Y321A
Tyr321_loop11	321	303	2.5479662186955228	19	WT
Tyr321_loop11	321	303	2.5777659754379587	19	Y321A
Tyr321_loop11	321	304	2.46435592897485	19	WT
Tyr321_loop11	321	304	2.5069365969561854	19	Y321A
Tyr321_loop11	321	305	2.5773615640819596	19	WT
Tyr321_loop11	321	305	2.6808587281758833	19	Y321A
Tyr321_loop11	321	306	2.460106996975103	19	WT
Tyr321_loop11	321	306	2.5851826618125617	19	Y321A
Tyr321_loop11	321	307	2.233707785908746	19	WT
Tyr321_loop11	321	307	2.3073976030152448	19	Y321A
Tyr321_loop11	321	308	2.1101404476086367	19	WT
Tyr321_loop11	321	308	2.019899830578579	19	Y321A
Tyr321_loop11	321	309	1.8836665900674878	19	WT
Tyr321_loop11	321	309	1.7606314268293521	19	Y321A
Tyr321_loop11	321	310	1.823986272103151	19	WT
Tyr321_loop11	321	310	1.694164694759239	19	Y321A
Tyr321_prismdomain	321	586	2.1707578593707453	131	WT
Tyr321_prismdomain	321	586	1.9236782720244483	131	Y321A
Tyr321_prismdomain	321	587	2.2209170679384482	131	WT
Tyr321_prismdomain	321	587	1.9936630648751472	131	Y321A
Tyr321_prismdomain	321	588	2.3383131295019375	131	WT
Tyr321_prismdomain	321	588	2.111650953996814	131	Y321A
Tyr321_prismdomain	321	589	2.3356361307984255	131	WT
Tyr321_prismdomain	321	589	2.167053097342062	131	Y321A
Tyr321_prismdomain	321	590	2.3663296785995023	131	WT
Tyr321_prismdomain	321	590	2.190941297238116	131	Y321A
Tyr321_prismdomain	321	591	2.4449744924436043	131	WT
Tyr321_prismdomain	321	591	2.242264169990817	131	Y321A
Tyr321_prismdomain	321	592	2.377534348506701	131	WT
Tyr321_prismdomain	321	592	2.189636486885766	131	Y321A
Tyr321_prismdomain	321	593	2.353590318731893	131	WT
Tyr321_prismdomain	321	593	2.230011535448119	131	Y321A
Tyr321_prismdomain	321	594	2.3568137464794483	131	WT
Tyr321_prismdomain	321	594	2.222292480087115	131	Y321A
Tyr321_prismdomain	321	595	2.33108355035409	131	WT
Tyr321_prismdomain	321	595	2.185683807106911	131	Y321A
Tyr321_prismdomain	321	596	2.134728492437323	131	WT
Tyr321_prismdomain	321	596	1.990039019729057	131	Y321A
Tyr321_prismdomain	321	597	1.8792107350722231	131	WT
Tyr321_prismdomain	321	597	1.731653906758658	131	Y321A
Tyr321_prismdomain	321	598	1.696252558869892	131	WT
Tyr321_prismdomain	321	598	1.537654504010828	131	Y321A
Tyr321_prismdomain	321	599	1.5635794316558957	131	WT
Tyr321_prismdomain	321	599	1.398135520738543	131	Y321A
Tyr321_prismdomain	321	600	1.5232068210012488	131	WT
Tyr321_prismdomain	321	600	1.278914855852582	131	Y321A
Tyr321_prismdomain	321	601	1.6788563261509288	131	WT
Tyr321_prismdomain	321	601	1.347103878778669	131	Y321A
Tyr321_prismdomain	321	602	1.8114569813489159	131	WT
Tyr321_prismdomain	321	602	1.4707856871201241	131	Y321A
Tyr321_prismdomain	321	603	2.031451807453752	131	WT
Tyr321_prismdomain	321	603	1.418563950944918	131	Y321A
Tyr321_prismdomain	321	604	2.174342039047294	131	WT
Tyr321_prismdomain	321	604	1.537757197721793	131	Y321A
Tyr321_prismdomain	321	605	2.2141253629880198	131	WT
Tyr321_prismdomain	321	605	1.621053170823154	131	Y321A
Tyr321_prismdomain	321	606	2.1012129929930428	131	WT
Tyr321_prismdomain	321	606	1.6824565527730009	131	Y321A
Tyr321_prismdomain	321	607	2.172583587163436	131	WT
Tyr321_prismdomain	321	607	1.540377622734387	131	Y321A
Tyr321_prismdomain	321	608	2.239809929800816	131	WT
Tyr321_prismdomain	321	608	1.5099121656189691	131	Y321A
Tyr321_prismdomain	321	609	2.391552982916001	131	WT
Tyr321_prismdomain	321	609	1.389651980158518	131	Y321A
Tyr321_prismdomain	321	610	2.520193665796833	131	WT
Tyr321_prismdomain	321	610	1.529466214543477	131	Y321A
Tyr321_prismdomain	321	611	2.557954851155349	131	WT
Tyr321_prismdomain	321	611	1.6257125079855628	131	Y321A
Tyr321_prismdomain	321	612	2.620356494957599	131	WT
Tyr321_prismdomain	321	612	1.707713713583089	131	Y321A
Tyr321_prismdomain	321	613	2.710683226181597	131	WT
Tyr321_prismdomain	321	613	1.8327310412222881	131	Y321A
Tyr321_prismdomain	321	614	2.6198664207514692	131	WT
Tyr321_prismdomain	321	614	1.879942012888063	131	Y321A
Tyr321_prismdomain	321	615	2.534280841083955	131	WT
Tyr321_prismdomain	321	615	1.8215121106702137	131	Y321A
Tyr321_prismdomain	321	616	2.478191609842615	131	WT
Tyr321_prismdomain	321	616	1.7582586839721408	131	Y321A
Tyr321_prismdomain	321	617	2.4964146414822705	131	WT
Tyr321_prismdomain	321	617	1.6675582440393901	131	Y321A
Tyr321_prismdomain	321	618	2.410635178263841	131	WT
Tyr321_prismdomain	321	618	1.592511936720127	131	Y321A
Tyr321_prismdomain	321	619	2.412862073625823	131	WT
Tyr321_prismdomain	321	619	1.58261999071447	131	Y321A
Tyr321_prismdomain	321	620	2.3917882639541177	131	WT
Tyr321_prismdomain	321	620	1.403510893679434	131	Y321A
Tyr321_prismdomain	321	621	2.1721060520760367	131	WT
Tyr321_prismdomain	321	621	1.340860462432244	131	Y321A
Tyr321_prismdomain	321	622	2.3924064410857495	131	WT
Tyr321_prismdomain	321	622	1.107384512768115	131	Y321A
Tyr321_prismdomain	321	623	2.6074634677929165	131	WT
Tyr321_prismdomain	321	623	1.270876067202531	131	Y321A
Tyr321_prismdomain	321	624	2.645287611334318	131	WT
Tyr321_prismdomain	321	624	1.29156638802764	131	Y321A
Tyr321_prismdomain	321	625	2.581481590083575	131	WT
Tyr321_prismdomain	321	625	1.150839825426964	131	Y321A
Tyr321_prismdomain	321	626	2.326134584248915	131	WT
Tyr321_prismdomain	321	626	1.348132096336539	131	Y321A
Tyr321_prismdomain	321	627	2.174620238083214	131	WT
Tyr321_prismdomain	321	627	1.486278391455537	131	Y321A
Tyr321_prismdomain	321	628	2.325176118773302	131	WT
Tyr321_prismdomain	321	628	1.628296291437826	131	Y321A
Tyr321_prismdomain	321	629	2.437030732169294	131	WT
Tyr321_prismdomain	321	629	1.6996754988050822	131	Y321A
Tyr321_prismdomain	321	630	2.5219059916412783	131	WT
Tyr321_prismdomain	321	630	1.671054519688732	131	Y321A
Tyr321_prismdomain	321	631	2.6146030630644033	131	WT
Tyr321_prismdomain	321	631	1.7929629473670632	131	Y321A
Tyr321_prismdomain	321	632	2.624183277143503	131	WT
Tyr321_prismdomain	321	632	1.7538622973041287	131	Y321A
Tyr321_prismdomain	321	633	2.678147417093844	131	WT
Tyr321_prismdomain	321	633	1.6916486973592377	131	Y321A
Tyr321_prismdomain	321	634	2.618994370885535	131	WT
Tyr321_prismdomain	321	634	1.6166569001516011	131	Y321A
Tyr321_prismdomain	321	635	2.576789766203288	131	WT
Tyr321_prismdomain	321	635	1.571913982394213	131	Y321A
Tyr321_prismdomain	321	636	2.467515712638164	131	WT
Tyr321_prismdomain	321	636	1.485317151606165	131	Y321A
Tyr321_prismdomain	321	637	2.400188336315549	131	WT
Tyr321_prismdomain	321	637	1.6437267269312672	131	Y321A
Tyr321_prismdomain	321	638	2.376446750819391	131	WT
Tyr321_prismdomain	321	638	1.7133753978608042	131	Y321A
Tyr321_prismdomain	321	639	2.232515239436796	131	WT
Tyr321_prismdomain	321	639	1.7987590427227371	131	Y321A
Tyr321_prismdomain	321	640	2.301249090807995	131	WT
Tyr321_prismdomain	321	640	1.842378006931718	131	Y321A
Tyr321_prismdomain	321	641	2.414003397138195	131	WT
Tyr321_prismdomain	321	641	1.958097629391683	131	Y321A
Tyr321_prismdomain	321	642	2.439443298593022	131	WT
Tyr321_prismdomain	321	642	2.0114404041731277	131	Y321A
Tyr321_prismdomain	321	643	2.5066055313278177	131	WT
Tyr321_prismdomain	321	643	2.0877820649016487	131	Y321A
Tyr321_prismdomain	321	644	2.52325435002108	131	WT
Tyr321_prismdomain	321	644	2.1601524331679234	131	Y321A
Tyr321_prismdomain	321	645	2.537356146890088	131	WT
Tyr321_prismdomain	321	645	2.223931537240812	131	Y321A
Tyr321_prismdomain	321	646	2.6128408480182035	131	WT
Tyr321_prismdomain	321	646	2.3152326790231292	131	Y321A
Tyr321_prismdomain	321	647	2.6659811854859354	131	WT
Tyr321_prismdomain	321	647	2.2921955742355826	131	Y321A
Tyr321_prismdomain	321	648	2.671848641552648	131	WT
Tyr321_prismdomain	321	648	2.1864412472836436	131	Y321A
Tyr321_prismdomain	321	649	2.6063865272159203	131	WT
Tyr321_prismdomain	321	649	2.189648492291641	131	Y321A
Tyr321_prismdomain	321	650	2.5965960435565734	131	WT
Tyr321_prismdomain	321	650	2.1666992827466145	131	Y321A
Tyr321_prismdomain	321	651	2.665257354376488	131	WT
Tyr321_prismdomain	321	651	2.1120360573973893	131	Y321A
Tyr321_prismdomain	321	652	2.670371437489044	131	WT
Tyr321_prismdomain	321	652	2.0500789384379887	131	Y321A
Tyr321_prismdomain	321	653	2.678514367304344	131	WT
Tyr321_prismdomain	321	653	2.131565265659826	131	Y321A
Tyr321_prismdomain	321	654	2.783987989273354	131	WT
Tyr321_prismdomain	321	654	2.14395856504402	131	Y321A
Tyr321_prismdomain	321	655	2.697849521264308	131	WT
Tyr321_prismdomain	321	655	2.232463610161863	131	Y321A
Tyr321_prismdomain	321	656	2.578848668191282	131	WT
Tyr321_prismdomain	321	656	2.08732318810087	131	Y321A
Tyr321_prismdomain	321	657	2.563256741775977	131	WT
Tyr321_prismdomain	321	657	2.1247518326909605	131	Y321A
Tyr321_prismdomain	321	658	2.464369160670858	131	WT
Tyr321_prismdomain	321	658	2.0287442181635362	131	Y321A
Tyr321_prismdomain	321	659	2.430645839544926	131	WT
Tyr321_prismdomain	321	659	2.057393225364682	131	Y321A
Tyr321_prismdomain	321	660	2.576035812446701	131	WT
Tyr321_prismdomain	321	660	1.9949634187810137	131	Y321A
Tyr321_prismdomain	321	661	2.676870661405256	131	WT
Tyr321_prismdomain	321	661	2.064917879159105	131	Y321A
Tyr321_prismdomain	321	662	2.7769682483156983	131	WT
Tyr321_prismdomain	321	662	2.182796191647795	131	Y321A
Tyr321_prismdomain	321	663	2.6727524582334534	131	WT
Tyr321_prismdomain	321	663	2.2278896091687086	131	Y321A
Tyr321_prismdomain	321	664	2.596827131336	131	WT
Tyr321_prismdomain	321	664	2.1297823255605164	131	Y321A
Tyr321_prismdomain	321	665	2.558411376674385	131	WT
Tyr321_prismdomain	321	665	2.1318543725854604	131	Y321A
Tyr321_prismdomain	321	666	2.510476202035277	131	WT
Tyr321_prismdomain	321	666	2.064321746415389	131	Y321A
Tyr321_prismdomain	321	667	2.522637616708809	131	WT
Tyr321_prismdomain	321	667	2.08290976698698	131	Y321A
Tyr321_prismdomain	321	668	2.623695634323775	131	WT
Tyr321_prismdomain	321	668	2.179988861277885	131	Y321A
Tyr321_prismdomain	321	669	2.668173045390518	131	WT
Tyr321_prismdomain	321	669	2.2295699814906493	131	Y321A
Tyr321_prismdomain	321	670	2.6397710406944532	131	WT
Tyr321_prismdomain	321	670	2.1978355592739574	131	Y321A
Tyr321_prismdomain	321	671	2.670534336915717	131	WT
Tyr321_prismdomain	321	671	2.2386667229634702	131	Y321A
Tyr321_prismdomain	321	672	2.735272107420084	131	WT
Tyr321_prismdomain	321	672	2.1321792667331714	131	Y321A
Tyr321_prismdomain	321	673	2.794410188891306	131	WT
Tyr321_prismdomain	321	673	2.117855952599788	131	Y321A
Tyr321_prismdomain	321	674	2.892673913676081	131	WT
Tyr321_prismdomain	321	674	1.9889063668889149	131	Y321A
Tyr321_prismdomain	321	675	2.8374722254854783	131	WT
Tyr321_prismdomain	321	675	2.036266114742129	131	Y321A
Tyr321_prismdomain	321	676	2.854309441153652	131	WT
Tyr321_prismdomain	321	676	2.106209707212583	131	Y321A
Tyr321_prismdomain	321	677	2.874375781391516	131	WT
Tyr321_prismdomain	321	677	2.1532853069477955	131	Y321A
Tyr321_prismdomain	321	678	2.906428973508174	131	WT
Tyr321_prismdomain	321	678	2.084577906603161	131	Y321A
Tyr321_prismdomain	321	679	2.812765953601243	131	WT
Tyr321_prismdomain	321	679	2.0840574982064726	131	Y321A
Tyr321_prismdomain	321	680	2.750213375284832	131	WT
Tyr321_prismdomain	321	680	2.1606958790626876	131	Y321A
Tyr321_prismdomain	321	681	2.7980603770809274	131	WT
Tyr321_prismdomain	321	681	2.2252989699873638	131	Y321A
Tyr321_prismdomain	321	682	2.880144649974527	131	WT
Tyr321_prismdomain	321	682	2.3240043388860303	131	Y321A
Tyr321_prismdomain	321	683	2.776660001762833	131	WT
Tyr321_prismdomain	321	683	2.3090879082546785	131	Y321A
Tyr321_prismdomain	321	684	2.7808998511353664	131	WT
Tyr321_prismdomain	321	684	2.324186124359966	131	Y321A
Tyr321_prismdomain	321	685	2.6532923413326497	131	WT
Tyr321_prismdomain	321	685	2.3243973734809678	131	Y321A
Tyr321_prismdomain	321	686	2.5515336375571147	131	WT
Tyr321_prismdomain	321	686	2.3786745939285363	131	Y321A
Tyr321_prismdomain	321	687	2.545391041491449	131	WT
Tyr321_prismdomain	321	687	2.2904396141591055	131	Y321A
Tyr321_prismdomain	321	688	2.468193440398763	131	WT
Tyr321_prismdomain	321	688	2.202434183682412	131	Y321A
Tyr321_prismdomain	321	689	2.4396964727924173	131	WT
Tyr321_prismdomain	321	689	2.1402565324111764	131	Y321A
Tyr321_prismdomain	321	690	2.4087135262110193	131	WT
Tyr321_prismdomain	321	690	2.0628525344642643	131	Y321A
Tyr321_prismdomain	321	691	2.441939835503409	131	WT
Tyr321_prismdomain	321	691	2.075395350589202	131	Y321A
Tyr321_prismdomain	321	692	2.4553622980800887	131	WT
Tyr321_prismdomain	321	692	2.0955449602596	131	Y321A
Tyr321_prismdomain	321	693	2.4345867445852365	131	WT
Tyr321_prismdomain	321	693	2.0352884396753392	131	Y321A
Tyr321_prismdomain	321	694	2.3312294816985424	131	WT
Tyr321_prismdomain	321	694	1.9345628340050702	131	Y321A
Tyr321_prismdomain	321	695	2.1126785060033715	131	WT
Tyr321_prismdomain	321	695	1.7801022545092973	131	Y321A
Tyr321_prismdomain	321	696	2.020980919992196	131	WT
Tyr321_prismdomain	321	696	1.6974028274054571	131	Y321A
Tyr321_prismdomain	321	697	1.9250935498563349	131	WT
Tyr321_prismdomain	321	697	1.5953574819568361	131	Y321A
Tyr321_prismdomain	321	698	1.8146061722770699	131	WT
Tyr321_prismdomain	321	698	1.5624937784164201	131	Y321A
Tyr321_prismdomain	321	699	1.8864151457096487	131	WT
Tyr321_prismdomain	321	699	1.6400734153697791	131	Y321A
Tyr321_prismdomain	321	700	1.8593909216352946	131	WT
Tyr321_prismdomain	321	700	1.695586472914875	131	Y321A
Tyr321_prismdomain	321	701	1.9281819958868838	131	WT
Tyr321_prismdomain	321	701	1.817457269218204	131	Y321A
Tyr321_prismdomain	321	702	2.062220261454687	131	WT
Tyr321_prismdomain	321	702	1.932957541170747	131	Y321A
Tyr321_prismdomain	321	703	2.200941017405578	131	WT
Tyr321_prismdomain	321	703	1.914297480502361	131	Y321A
Tyr321_prismdomain	321	704	2.339722621996938	131	WT
Tyr321_prismdomain	321	704	1.9127464618668861	131	Y321A
Tyr321_prismdomain	321	705	2.509405322643444	131	WT
Tyr321_prismdomain	321	705	1.8859720764343222	131	Y321A
Tyr321_prismdomain	321	706	2.471793531999494	131	WT
Tyr321_prismdomain	321	706	1.8297351419261851	131	Y321A
Tyr321_prismdomain	321	707	2.3429478324228707	131	WT
Tyr321_prismdomain	321	707	1.81149364285624	131	Y321A
Tyr321_prismdomain	321	708	2.240018133816348	131	WT
Tyr321_prismdomain	321	708	1.858851764485087	131	Y321A
Tyr321_prismdomain	321	709	2.268379565103561	131	WT
Tyr321_prismdomain	321	709	2.000010427052061	131	Y321A
Tyr321_prismdomain	321	710	2.314684205210538	131	WT
Tyr321_prismdomain	321	710	2.1517742713147388	131	Y321A
Tyr321_prismdomain	321	711	2.1912110296553675	131	WT
Tyr321_prismdomain	321	711	2.025691105561685	131	Y321A
Tyr321_prismdomain	321	712	2.1213587999475925	131	WT
Tyr321_prismdomain	321	712	1.9606234038456951	131	Y321A
Tyr321_prismdomain	321	713	2.078086997687053	131	WT
Tyr321_prismdomain	321	713	1.8449771038966212	131	Y321A
Tyr321_prismdomain	321	714	2.011309709226372	131	WT
Tyr321_prismdomain	321	714	1.7577498537607492	131	Y321A
Tyr321_prismdomain	321	715	2.097045167921527	131	WT
Tyr321_prismdomain	321	715	1.7992416272405942	131	Y321A
Tyr321_prismdomain	321	716	2.190254987159119	131	WT
Tyr321_prismdomain	321	716	1.828612368056631	131	Y321A
Tyr321_val257	321	257	1.3355364904654672	1	WT
Tyr321_val257	321	257	1.54680254179637	1	Y321A
Tyr321_allSinkwoprism	321	578	2.4658641003596378	28	WT
Tyr321_allSinkwoprism	321	578	2.529604242333649	28	Y321A
Tyr321_allSinkwoprism	321	579	2.439523512857577	28	WT
Tyr321_allSinkwoprism	321	579	2.760049432213636	28	Y321A
Tyr321_allSinkwoprism	321	580	2.6669850576214333	28	WT
Tyr321_allSinkwoprism	321	580	2.859393407922773	28	Y321A
Tyr321_allSinkwoprism	321	581	2.7911219318840645	28	WT
Tyr321_allSinkwoprism	321	581	3.0439203873616174	28	Y321A
Tyr321_allSinkwoprism	321	582	2.837021541283705	28	WT
Tyr321_allSinkwoprism	321	582	2.660431040274798	28	Y321A
Tyr321_allSinkwoprism	321	583	2.541188209138149	28	WT
Tyr321_allSinkwoprism	321	583	2.357635890229929	28	Y321A
Tyr321_allSinkwoprism	321	584	2.278714929239659	28	WT
Tyr321_allSinkwoprism	321	584	2.083914274264071	28	Y321A
Tyr321_allSinkwoprism	321	585	2.249827415651482	28	WT
Tyr321_allSinkwoprism	321	585	1.9672556755074322	28	Y321A
Tyr321_allSinkwoprism	321	292	1.6199304967607568	28	WT
Tyr321_allSinkwoprism	321	292	1.5099115543329291	28	Y321A
Tyr321_allSinkwoprism	321	293	1.8277314352133378	28	WT
Tyr321_allSinkwoprism	321	293	1.652409063847902	28	Y321A
Tyr321_allSinkwoprism	321	294	2.0371695695662977	28	WT
Tyr321_allSinkwoprism	321	294	1.874901473737675	28	Y321A
Tyr321_allSinkwoprism	321	295	2.229490430851339	28	WT
Tyr321_allSinkwoprism	321	295	2.046238443813215	28	Y321A
Tyr321_allSinkwoprism	321	296	2.5108644800572666	28	WT
Tyr321_allSinkwoprism	321	296	2.9623134810313894	28	Y321A
Tyr321_allSinkwoprism	321	297	2.474587145299859	28	WT
Tyr321_allSinkwoprism	321	297	2.6171778331791953	28	Y321A
Tyr321_allSinkwoprism	321	298	2.773425192891891	28	WT
Tyr321_allSinkwoprism	321	298	2.307250956116245	28	Y321A
Tyr321_allSinkwoprism	321	299	3.149613961352527	28	WT
Tyr321_allSinkwoprism	321	299	2.625759683611761	28	Y321A
Tyr321_allSinkwoprism	321	300	3.562725103396543	28	WT
Tyr321_allSinkwoprism	321	300	2.918841838364845	28	Y321A
Tyr321_allSinkwoprism	321	301	2.840779445346315	28	WT
Tyr321_allSinkwoprism	321	301	2.8049622164736405	28	Y321A
Tyr321_allSinkwoprism	321	302	2.779186533410326	28	WT
Tyr321_allSinkwoprism	321	302	2.6345269012550805	28	Y321A
Tyr321_allSinkwoprism	321	303	2.5479662186955228	28	WT
Tyr321_allSinkwoprism	321	303	2.5777659754379587	28	Y321A
Tyr321_allSinkwoprism	321	304	2.46435592897485	28	WT
Tyr321_allSinkwoprism	321	304	2.5069365969561854	28	Y321A
Tyr321_allSinkwoprism	321	305	2.5773615640819596	28	WT
Tyr321_allSinkwoprism	321	305	2.6808587281758833	28	Y321A
Tyr321_allSinkwoprism	321	306	2.460106996975103	28	WT
Tyr321_allSinkwoprism	321	306	2.5851826618125617	28	Y321A
Tyr321_allSinkwoprism	321	307	2.233707785908746	28	WT
Tyr321_allSinkwoprism	321	307	2.3073976030152448	28	Y321A
Tyr321_allSinkwoprism	321	308	2.1101404476086367	28	WT
Tyr321_allSinkwoprism	321	308	2.019899830578579	28	Y321A
Tyr321_allSinkwoprism	321	309	1.8836665900674878	28	WT
Tyr321_allSinkwoprism	321	309	1.7606314268293521	28	Y321A
Tyr321_allSinkwoprism	321	310	1.823986272103151	28	WT
Tyr321_allSinkwoprism	321	310	1.694164694759239	28	Y321A
Tyr321_allSinkwoprism	321	257	1.3355364904654672	28	WT
Tyr321_allSinkwoprism	321	257	1.54680254179637	28	Y321A
Tyr321_allSink	321	578	2.4658641003596378	159	WT
Tyr321_allSink	321	578	2.529604242333649	159	Y321A
Tyr321_allSink	321	579	2.439523512857577	159	WT
Tyr321_allSink	321	579	2.760049432213636	159	Y321A
Tyr321_allSink	321	580	2.6669850576214333	159	WT
Tyr321_allSink	321	580	2.859393407922773	159	Y321A
Tyr321_allSink	321	581	2.7911219318840645	159	WT
Tyr321_allSink	321	581	3.0439203873616174	159	Y321A
Tyr321_allSink	321	582	2.837021541283705	159	WT
Tyr321_allSink	321	582	2.660431040274798	159	Y321A
Tyr321_allSink	321	583	2.541188209138149	159	WT
Tyr321_allSink	321	583	2.357635890229929	159	Y321A
Tyr321_allSink	321	584	2.278714929239659	159	WT
Tyr321_allSink	321	584	2.083914274264071	159	Y321A
Tyr321_allSink	321	585	2.249827415651482	159	WT
Tyr321_allSink	321	585	1.9672556755074322	159	Y321A
Tyr321_allSink	321	292	1.6199304967607568	159	WT
Tyr321_allSink	321	292	1.5099115543329291	159	Y321A
Tyr321_allSink	321	293	1.8277314352133378	159	WT
Tyr321_allSink	321	293	1.652409063847902	159	Y321A
Tyr321_allSink	321	294	2.0371695695662977	159	WT
Tyr321_allSink	321	294	1.874901473737675	159	Y321A
Tyr321_allSink	321	295	2.229490430851339	159	WT
Tyr321_allSink	321	295	2.046238443813215	159	Y321A
Tyr321_allSink	321	296	2.5108644800572666	159	WT
Tyr321_allSink	321	296	2.9623134810313894	159	Y321A
Tyr321_allSink	321	297	2.474587145299859	159	WT
Tyr321_allSink	321	297	2.6171778331791953	159	Y321A
Tyr321_allSink	321	298	2.773425192891891	159	WT
Tyr321_allSink	321	298	2.307250956116245	159	Y321A
Tyr321_allSink	321	299	3.149613961352527	159	WT
Tyr321_allSink	321	299	2.625759683611761	159	Y321A
Tyr321_allSink	321	300	3.562725103396543	159	WT
Tyr321_allSink	321	300	2.918841838364845	159	Y321A
Tyr321_allSink	321	301	2.840779445346315	159	WT
Tyr321_allSink	321	301	2.8049622164736405	159	Y321A
Tyr321_allSink	321	302	2.779186533410326	159	WT
Tyr321_allSink	321	302	2.6345269012550805	159	Y321A
Tyr321_allSink	321	303	2.5479662186955228	159	WT
Tyr321_allSink	321	303	2.5777659754379587	159	Y321A
Tyr321_allSink	321	304	2.46435592897485	159	WT
Tyr321_allSink	321	304	2.5069365969561854	159	Y321A
Tyr321_allSink	321	305	2.5773615640819596	159	WT
Tyr321_allSink	321	305	2.6808587281758833	159	Y321A
Tyr321_allSink	321	306	2.460106996975103	159	WT
Tyr321_allSink	321	306	2.5851826618125617	159	Y321A
Tyr321_allSink	321	307	2.233707785908746	159	WT
Tyr321_allSink	321	307	2.3073976030152448	159	Y321A
Tyr321_allSink	321	308	2.1101404476086367	159	WT
Tyr321_allSink	321	308	2.019899830578579	159	Y321A
Tyr321_allSink	321	309	1.8836665900674878	159	WT
Tyr321_allSink	321	309	1.7606314268293521	159	Y321A
Tyr321_allSink	321	310	1.823986272103151	159	WT
Tyr321_allSink	321	310	1.694164694759239	159	Y321A
Tyr321_allSink	321	586	2.1707578593707453	159	WT
Tyr321_allSink	321	586	1.9236782720244483	159	Y321A
Tyr321_allSink	321	587	2.2209170679384482	159	WT
Tyr321_allSink	321	587	1.9936630648751472	159	Y321A
Tyr321_allSink	321	588	2.3383131295019375	159	WT
Tyr321_allSink	321	588	2.111650953996814	159	Y321A
Tyr321_allSink	321	589	2.3356361307984255	159	WT
Tyr321_allSink	321	589	2.167053097342062	159	Y321A
Tyr321_allSink	321	590	2.3663296785995023	159	WT
Tyr321_allSink	321	590	2.190941297238116	159	Y321A
Tyr321_allSink	321	591	2.4449744924436043	159	WT
Tyr321_allSink	321	591	2.242264169990817	159	Y321A
Tyr321_allSink	321	592	2.377534348506701	159	WT
Tyr321_allSink	321	592	2.189636486885766	159	Y321A
Tyr321_allSink	321	593	2.353590318731893	159	WT
Tyr321_allSink	321	593	2.230011535448119	159	Y321A
Tyr321_allSink	321	594	2.3568137464794483	159	WT
Tyr321_allSink	321	594	2.222292480087115	159	Y321A
Tyr321_allSink	321	595	2.33108355035409	159	WT
Tyr321_allSink	321	595	2.185683807106911	159	Y321A
Tyr321_allSink	321	596	2.134728492437323	159	WT
Tyr321_allSink	321	596	1.990039019729057	159	Y321A
Tyr321_allSink	321	597	1.8792107350722231	159	WT
Tyr321_allSink	321	597	1.731653906758658	159	Y321A
Tyr321_allSink	321	598	1.696252558869892	159	WT
Tyr321_allSink	321	598	1.537654504010828	159	Y321A
Tyr321_allSink	321	599	1.5635794316558957	159	WT
Tyr321_allSink	321	599	1.398135520738543	159	Y321A
Tyr321_allSink	321	600	1.5232068210012488	159	WT
Tyr321_allSink	321	600	1.278914855852582	159	Y321A
Tyr321_allSink	321	601	1.6788563261509288	159	WT
Tyr321_allSink	321	601	1.347103878778669	159	Y321A
Tyr321_allSink	321	602	1.8114569813489159	159	WT
Tyr321_allSink	321	602	1.4707856871201241	159	Y321A
Tyr321_allSink	321	603	2.031451807453752	159	WT
Tyr321_allSink	321	603	1.418563950944918	159	Y321A
Tyr321_allSink	321	604	2.174342039047294	159	WT
Tyr321_allSink	321	604	1.537757197721793	159	Y321A
Tyr321_allSink	321	605	2.2141253629880198	159	WT
Tyr321_allSink	321	605	1.621053170823154	159	Y321A
Tyr321_allSink	321	606	2.1012129929930428	159	WT
Tyr321_allSink	321	606	1.6824565527730009	159	Y321A
Tyr321_allSink	321	607	2.172583587163436	159	WT
Tyr321_allSink	321	607	1.540377622734387	159	Y321A
Tyr321_allSink	321	608	2.239809929800816	159	WT
Tyr321_allSink	321	608	1.5099121656189691	159	Y321A
Tyr321_allSink	321	609	2.391552982916001	159	WT
Tyr321_allSink	321	609	1.389651980158518	159	Y321A
Tyr321_allSink	321	610	2.520193665796833	159	WT
Tyr321_allSink	321	610	1.529466214543477	159	Y321A
Tyr321_allSink	321	611	2.557954851155349	159	WT
Tyr321_allSink	321	611	1.6257125079855628	159	Y321A
Tyr321_allSink	321	612	2.620356494957599	159	WT
Tyr321_allSink	321	612	1.707713713583089	159	Y321A
Tyr321_allSink	321	613	2.710683226181597	159	WT
Tyr321_allSink	321	613	1.8327310412222881	159	Y321A
Tyr321_allSink	321	614	2.6198664207514692	159	WT
Tyr321_allSink	321	614	1.879942012888063	159	Y321A
Tyr321_allSink	321	615	2.534280841083955	159	WT
Tyr321_allSink	321	615	1.8215121106702137	159	Y321A
Tyr321_allSink	321	616	2.478191609842615	159	WT
Tyr321_allSink	321	616	1.7582586839721408	159	Y321A
Tyr321_allSink	321	617	2.4964146414822705	159	WT
Tyr321_allSink	321	617	1.6675582440393901	159	Y321A
Tyr321_allSink	321	618	2.410635178263841	159	WT
Tyr321_allSink	321	618	1.592511936720127	159	Y321A
Tyr321_allSink	321	619	2.412862073625823	159	WT
Tyr321_allSink	321	619	1.58261999071447	159	Y321A
Tyr321_allSink	321	620	2.3917882639541177	159	WT
Tyr321_allSink	321	620	1.403510893679434	159	Y321A
Tyr321_allSink	321	621	2.1721060520760367	159	WT
Tyr321_allSink	321	621	1.340860462432244	159	Y321A
Tyr321_allSink	321	622	2.3924064410857495	159	WT
Tyr321_allSink	321	622	1.107384512768115	159	Y321A
Tyr321_allSink	321	623	2.6074634677929165	159	WT
Tyr321_allSink	321	623	1.270876067202531	159	Y321A
Tyr321_allSink	321	624	2.645287611334318	159	WT
Tyr321_allSink	321	624	1.29156638802764	159	Y321A
Tyr321_allSink	321	625	2.581481590083575	159	WT
Tyr321_allSink	321	625	1.150839825426964	159	Y321A
Tyr321_allSink	321	626	2.326134584248915	159	WT
Tyr321_allSink	321	626	1.348132096336539	159	Y321A
Tyr321_allSink	321	627	2.174620238083214	159	WT
Tyr321_allSink	321	627	1.486278391455537	159	Y321A
Tyr321_allSink	321	628	2.325176118773302	159	WT
Tyr321_allSink	321	628	1.628296291437826	159	Y321A
Tyr321_allSink	321	629	2.437030732169294	159	WT
Tyr321_allSink	321	629	1.6996754988050822	159	Y321A
Tyr321_allSink	321	630	2.5219059916412783	159	WT
Tyr321_allSink	321	630	1.671054519688732	159	Y321A
Tyr321_allSink	321	631	2.6146030630644033	159	WT
Tyr321_allSink	321	631	1.7929629473670632	159	Y321A
Tyr321_allSink	321	632	2.624183277143503	159	WT
Tyr321_allSink	321	632	1.7538622973041287	159	Y321A
Tyr321_allSink	321	633	2.678147417093844	159	WT
Tyr321_allSink	321	633	1.6916486973592377	159	Y321A
Tyr321_allSink	321	634	2.618994370885535	159	WT
Tyr321_allSink	321	634	1.6166569001516011	159	Y321A
Tyr321_allSink	321	635	2.576789766203288	159	WT
Tyr321_allSink	321	635	1.571913982394213	159	Y321A
Tyr321_allSink	321	636	2.467515712638164	159	WT
Tyr321_allSink	321	636	1.485317151606165	159	Y321A
Tyr321_allSink	321	637	2.400188336315549	159	WT
Tyr321_allSink	321	637	1.6437267269312672	159	Y321A
Tyr321_allSink	321	638	2.376446750819391	159	WT
Tyr321_allSink	321	638	1.7133753978608042	159	Y321A
Tyr321_allSink	321	639	2.232515239436796	159	WT
Tyr321_allSink	321	639	1.7987590427227371	159	Y321A
Tyr321_allSink	321	640	2.301249090807995	159	WT
Tyr321_allSink	321	640	1.842378006931718	159	Y321A
Tyr321_allSink	321	641	2.414003397138195	159	WT
Tyr321_allSink	321	641	1.958097629391683	159	Y321A
Tyr321_allSink	321	642	2.439443298593022	159	WT
Tyr321_allSink	321	642	2.0114404041731277	159	Y321A
Tyr321_allSink	321	643	2.5066055313278177	159	WT
Tyr321_allSink	321	643	2.0877820649016487	159	Y321A
Tyr321_allSink	321	644	2.52325435002108	159	WT
Tyr321_allSink	321	644	2.1601524331679234	159	Y321A
Tyr321_allSink	321	645	2.537356146890088	159	WT
Tyr321_allSink	321	645	2.223931537240812	159	Y321A
Tyr321_allSink	321	646	2.6128408480182035	159	WT
Tyr321_allSink	321	646	2.3152326790231292	159	Y321A
Tyr321_allSink	321	647	2.6659811854859354	159	WT
Tyr321_allSink	321	647	2.2921955742355826	159	Y321A
Tyr321_allSink	321	648	2.671848641552648	159	WT
Tyr321_allSink	321	648	2.1864412472836436	159	Y321A
Tyr321_allSink	321	649	2.6063865272159203	159	WT
Tyr321_allSink	321	649	2.189648492291641	159	Y321A
Tyr321_allSink	321	650	2.5965960435565734	159	WT
Tyr321_allSink	321	650	2.1666992827466145	159	Y321A
Tyr321_allSink	321	651	2.665257354376488	159	WT
Tyr321_allSink	321	651	2.1120360573973893	159	Y321A
Tyr321_allSink	321	652	2.670371437489044	159	WT
Tyr321_allSink	321	652	2.0500789384379887	159	Y321A
Tyr321_allSink	321	653	2.678514367304344	159	WT
Tyr321_allSink	321	653	2.131565265659826	159	Y321A
Tyr321_allSink	321	654	2.783987989273354	159	WT
Tyr321_allSink	321	654	2.14395856504402	159	Y321A
Tyr321_allSink	321	655	2.697849521264308	159	WT
Tyr321_allSink	321	655	2.232463610161863	159	Y321A
Tyr321_allSink	321	656	2.578848668191282	159	WT
Tyr321_allSink	321	656	2.08732318810087	159	Y321A
Tyr321_allSink	321	657	2.563256741775977	159	WT
Tyr321_allSink	321	657	2.1247518326909605	159	Y321A
Tyr321_allSink	321	658	2.464369160670858	159	WT
Tyr321_allSink	321	658	2.0287442181635362	159	Y321A
Tyr321_allSink	321	659	2.430645839544926	159	WT
Tyr321_allSink	321	659	2.057393225364682	159	Y321A
Tyr321_allSink	321	660	2.576035812446701	159	WT
Tyr321_allSink	321	660	1.9949634187810137	159	Y321A
Tyr321_allSink	321	661	2.676870661405256	159	WT
Tyr321_allSink	321	661	2.064917879159105	159	Y321A
Tyr321_allSink	321	662	2.7769682483156983	159	WT
Tyr321_allSink	321	662	2.182796191647795	159	Y321A
Tyr321_allSink	321	663	2.6727524582334534	159	WT
Tyr321_allSink	321	663	2.2278896091687086	159	Y321A
Tyr321_allSink	321	664	2.596827131336	159	WT
Tyr321_allSink	321	664	2.1297823255605164	159	Y321A
Tyr321_allSink	321	665	2.558411376674385	159	WT
Tyr321_allSink	321	665	2.1318543725854604	159	Y321A
Tyr321_allSink	321	666	2.510476202035277	159	WT
Tyr321_allSink	321	666	2.064321746415389	159	Y321A
Tyr321_allSink	321	667	2.522637616708809	159	WT
Tyr321_allSink	321	667	2.08290976698698	159	Y321A
Tyr321_allSink	321	668	2.623695634323775	159	WT
Tyr321_allSink	321	668	2.179988861277885	159	Y321A
Tyr321_allSink	321	669	2.668173045390518	159	WT
Tyr321_allSink	321	669	2.2295699814906493	159	Y321A
Tyr321_allSink	321	670	2.6397710406944532	159	WT
Tyr321_allSink	321	670	2.1978355592739574	159	Y321A
Tyr321_allSink	321	671	2.670534336915717	159	WT
Tyr321_allSink	321	671	2.2386667229634702	159	Y321A
Tyr321_allSink	321	672	2.735272107420084	159	WT
Tyr321_allSink	321	672	2.1321792667331714	159	Y321A
Tyr321_allSink	321	673	2.794410188891306	159	WT
Tyr321_allSink	321	673	2.117855952599788	159	Y321A
Tyr321_allSink	321	674	2.892673913676081	159	WT
Tyr321_allSink	321	674	1.9889063668889149	159	Y321A
Tyr321_allSink	321	675	2.8374722254854783	159	WT
Tyr321_allSink	321	675	2.036266114742129	159	Y321A
Tyr321_allSink	321	676	2.854309441153652	159	WT
Tyr321_allSink	321	676	2.106209707212583	159	Y321A
Tyr321_allSink	321	677	2.874375781391516	159	WT
Tyr321_allSink	321	677	2.1532853069477955	159	Y321A
Tyr321_allSink	321	678	2.906428973508174	159	WT
Tyr321_allSink	321	678	2.084577906603161	159	Y321A
Tyr321_allSink	321	679	2.812765953601243	159	WT
Tyr321_allSink	321	679	2.0840574982064726	159	Y321A
Tyr321_allSink	321	680	2.750213375284832	159	WT
Tyr321_allSink	321	680	2.1606958790626876	159	Y321A
Tyr321_allSink	321	681	2.7980603770809274	159	WT
Tyr321_allSink	321	681	2.2252989699873638	159	Y321A
Tyr321_allSink	321	682	2.880144649974527	159	WT
Tyr321_allSink	321	682	2.3240043388860303	159	Y321A
Tyr321_allSink	321	683	2.776660001762833	159	WT
Tyr321_allSink	321	683	2.3090879082546785	159	Y321A
Tyr321_allSink	321	684	2.7808998511353664	159	WT
Tyr321_allSink	321	684	2.324186124359966	159	Y321A
Tyr321_allSink	321	685	2.6532923413326497	159	WT
Tyr321_allSink	321	685	2.3243973734809678	159	Y321A
Tyr321_allSink	321	686	2.5515336375571147	159	WT
Tyr321_allSink	321	686	2.3786745939285363	159	Y321A
Tyr321_allSink	321	687	2.545391041491449	159	WT
Tyr321_allSink	321	687	2.2904396141591055	159	Y321A
Tyr321_allSink	321	688	2.468193440398763	159	WT
Tyr321_allSink	321	688	2.202434183682412	159	Y321A
Tyr321_allSink	321	689	2.4396964727924173	159	WT
Tyr321_allSink	321	689	2.1402565324111764	159	Y321A
Tyr321_allSink	321	690	2.4087135262110193	159	WT
Tyr321_allSink	321	690	2.0628525344642643	159	Y321A
Tyr321_allSink	321	691	2.441939835503409	159	WT
Tyr321_allSink	321	691	2.075395350589202	159	Y321A
Tyr321_allSink	321	692	2.4553622980800887	159	WT
Tyr321_allSink	321	692	2.0955449602596	159	Y321A
Tyr321_allSink	321	693	2.4345867445852365	159	WT
Tyr321_allSink	321	693	2.0352884396753392	159	Y321A
Tyr321_allSink	321	694	2.3312294816985424	159	WT
Tyr321_allSink	321	694	1.9345628340050702	159	Y321A
Tyr321_allSink	321	695	2.1126785060033715	159	WT
Tyr321_allSink	321	695	1.7801022545092973	159	Y321A
Tyr321_allSink	321	696	2.020980919992196	159	WT
Tyr321_allSink	321	696	1.6974028274054571	159	Y321A
Tyr321_allSink	321	697	1.9250935498563349	159	WT
Tyr321_allSink	321	697	1.5953574819568361	159	Y321A
Tyr321_allSink	321	698	1.8146061722770699	159	WT
Tyr321_allSink	321	698	1.5624937784164201	159	Y321A
Tyr321_allSink	321	699	1.8864151457096487	159	WT
Tyr321_allSink	321	699	1.6400734153697791	159	Y321A
Tyr321_allSink	321	700	1.8593909216352946	159	WT
Tyr321_allSink	321	700	1.695586472914875	159	Y321A
Tyr321_allSink	321	701	1.9281819958868838	159	WT
Tyr321_allSink	321	701	1.817457269218204	159	Y321A
Tyr321_allSink	321	702	2.062220261454687	159	WT
Tyr321_allSink	321	702	1.932957541170747	159	Y321A
Tyr321_allSink	321	703	2.200941017405578	159	WT
Tyr321_allSink	321	703	1.914297480502361	159	Y321A
Tyr321_allSink	321	704	2.339722621996938	159	WT
Tyr321_allSink	321	704	1.9127464618668861	159	Y321A
Tyr321_allSink	321	705	2.509405322643444	159	WT
Tyr321_allSink	321	705	1.8859720764343222	159	Y321A
Tyr321_allSink	321	706	2.471793531999494	159	WT
Tyr321_allSink	321	706	1.8297351419261851	159	Y321A
Tyr321_allSink	321	707	2.3429478324228707	159	WT
Tyr321_allSink	321	707	1.81149364285624	159	Y321A
Tyr321_allSink	321	708	2.240018133816348	159	WT
Tyr321_allSink	321	708	1.858851764485087	159	Y321A
Tyr321_allSink	321	709	2.268379565103561	159	WT
Tyr321_allSink	321	709	2.000010427052061	159	Y321A
Tyr321_allSink	321	710	2.314684205210538	159	WT
Tyr321_allSink	321	710	2.1517742713147388	159	Y321A
Tyr321_allSink	321	711	2.1912110296553675	159	WT
Tyr321_allSink	321	711	2.025691105561685	159	Y321A
Tyr321_allSink	321	712	2.1213587999475925	159	WT
Tyr321_allSink	321	712	1.9606234038456951	159	Y321A
Tyr321_allSink	321	713	2.078086997687053	159	WT
Tyr321_allSink	321	713	1.8449771038966212	159	Y321A
Tyr321_allSink	321	714	2.011309709226372	159	WT
Tyr321_allSink	321	714	1.7577498537607492	159	Y321A
Tyr321_allSink	321	715	2.097045167921527	159	WT
Tyr321_allSink	321	715	1.7992416272405942	159	Y321A
Tyr321_allSink	321	716	2.190254987159119	159	WT
Tyr321_allSink	321	716	1.828612368056631	159	Y321A
Tyr321_allSink	321	257	1.3355364904654672	159	WT
Tyr321_allSink	321	257	1.54680254179637	159	Y321A
