g_Src	g_Dest	source	sink	path	length	type
Tyr321	loop38	321	578	[321, 319, 271, 270]	2.4658641003596378	WT
Tyr321	loop38	321	578	[321, 320, 319, 271, 270]	2.529604242333649	Y321A
Tyr321	loop38	321	579	[321, 319, 271, 270]	2.439523512857577	WT
Tyr321	loop38	321	579	[321, 320, 319, 271, 270]	2.760049432213636	Y321A
Tyr321	loop38	321	580	[321, 319, 271, 270]	2.6669850576214333	WT
Tyr321	loop38	321	580	[321, 320, 319, 271, 270]	2.859393407922773	Y321A
Tyr321	loop38	321	581	[321, 319, 271, 270]	2.7911219318840645	WT
Tyr321	loop38	321	581	[321, 320, 319, 271, 270]	3.0439203873616174	Y321A
Tyr321	loop38	321	582	[321, 319, 271, 270]	2.837021541283705	WT
Tyr321	loop38	321	582	[321, 320, 319, 271, 270]	2.660431040274798	Y321A
Tyr321	loop38	321	583	[321, 319, 271, 270]	2.541188209138149	WT
Tyr321	loop38	321	583	[321, 320, 319, 271, 270]	2.357635890229929	Y321A
Tyr321	loop38	321	584	[321, 319, 271, 270]	2.278714929239659	WT
Tyr321	loop38	321	584	[321, 320, 319, 271, 270]	2.083914274264071	Y321A
Tyr321	loop38	321	585	[321, 319, 271, 270]	2.249827415651482	WT
Tyr321	loop38	321	585	[321, 320, 319, 271, 270]	1.9672556755074322	Y321A
Tyr321	loop11	321	292	[321, 319, 271, 270]	1.6199304967607568	WT
Tyr321	loop11	321	292	[321, 320, 319, 271, 270]	1.5099115543329291	Y321A
Tyr321	loop11	321	293	[321, 319, 271, 270]	1.8277314352133378	WT
Tyr321	loop11	321	293	[321, 320, 319, 271, 270]	1.652409063847902	Y321A
Tyr321	loop11	321	294	[321, 319, 271, 270]	2.0371695695662977	WT
Tyr321	loop11	321	294	[321, 320, 319, 271, 270]	1.874901473737675	Y321A
Tyr321	loop11	321	295	[321, 319, 271, 270]	2.229490430851339	WT
Tyr321	loop11	321	295	[321, 320, 319, 271, 270]	2.046238443813215	Y321A
Tyr321	loop11	321	296	[321, 319, 271, 270]	2.5108644800572666	WT
Tyr321	loop11	321	296	[321, 320, 319, 271, 270]	2.9623134810313894	Y321A
Tyr321	loop11	321	297	[321, 319, 271, 270]	2.474587145299859	WT
Tyr321	loop11	321	297	[321, 320, 319, 271, 270]	2.6171778331791953	Y321A
Tyr321	loop11	321	298	[321, 319, 271, 270]	2.773425192891891	WT
Tyr321	loop11	321	298	[321, 320, 319, 271, 270]	2.307250956116245	Y321A
Tyr321	loop11	321	299	[321, 319, 271, 270]	3.149613961352527	WT
Tyr321	loop11	321	299	[321, 320, 319, 271, 270]	2.625759683611761	Y321A
Tyr321	loop11	321	300	[321, 319, 271, 270]	3.562725103396543	WT
Tyr321	loop11	321	300	[321, 320, 319, 271, 270]	2.918841838364845	Y321A
Tyr321	loop11	321	301	[321, 319, 271, 270]	2.840779445346315	WT
Tyr321	loop11	321	301	[321, 320, 319, 271, 270]	2.8049622164736405	Y321A
Tyr321	loop11	321	302	[321, 319, 271, 270]	2.779186533410326	WT
Tyr321	loop11	321	302	[321, 320, 319, 271, 270]	2.6345269012550805	Y321A
Tyr321	loop11	321	303	[321, 319, 271, 270]	2.5479662186955228	WT
Tyr321	loop11	321	303	[321, 320, 319, 271, 270]	2.5777659754379587	Y321A
Tyr321	loop11	321	304	[321, 319, 271, 270]	2.46435592897485	WT
Tyr321	loop11	321	304	[321, 320, 319, 271, 270]	2.5069365969561854	Y321A
Tyr321	loop11	321	305	[321, 319, 271, 270]	2.5773615640819596	WT
Tyr321	loop11	321	305	[321, 320, 319, 271, 270]	2.6808587281758833	Y321A
Tyr321	loop11	321	306	[321, 319, 271, 270]	2.460106996975103	WT
Tyr321	loop11	321	306	[321, 320, 319, 271, 270]	2.5851826618125617	Y321A
Tyr321	loop11	321	307	[321, 319, 271, 270]	2.233707785908746	WT
Tyr321	loop11	321	307	[321, 320, 319, 271, 270]	2.3073976030152448	Y321A
Tyr321	loop11	321	308	[321, 319, 271, 270]	2.1101404476086367	WT
Tyr321	loop11	321	308	[321, 320, 319, 271, 270]	2.019899830578579	Y321A
Tyr321	loop11	321	309	[321, 319, 271, 270]	1.8836665900674878	WT
Tyr321	loop11	321	309	[321, 320, 319, 271, 270]	1.7606314268293521	Y321A
Tyr321	loop11	321	310	[321, 319, 271, 270]	1.823986272103151	WT
Tyr321	loop11	321	310	[321, 320, 319, 271, 270]	1.694164694759239	Y321A
Tyr321	prismdomain	321	586	[321, 319, 271, 270]	2.1707578593707453	WT
Tyr321	prismdomain	321	586	[321, 320, 319, 271, 270]	1.9236782720244483	Y321A
Tyr321	prismdomain	321	587	[321, 319, 271, 270]	2.2209170679384482	WT
Tyr321	prismdomain	321	587	[321, 320, 319, 271, 270]	1.9936630648751472	Y321A
Tyr321	prismdomain	321	588	[321, 319, 271, 270]	2.3383131295019375	WT
Tyr321	prismdomain	321	588	[321, 320, 319, 271, 270]	2.111650953996814	Y321A
Tyr321	prismdomain	321	589	[321, 319, 271, 270]	2.3356361307984255	WT
Tyr321	prismdomain	321	589	[321, 320, 319, 271, 270]	2.167053097342062	Y321A
Tyr321	prismdomain	321	590	[321, 319, 271, 270]	2.3663296785995023	WT
Tyr321	prismdomain	321	590	[321, 320, 319, 271, 270]	2.190941297238116	Y321A
Tyr321	prismdomain	321	591	[321, 319, 271, 270]	2.4449744924436043	WT
Tyr321	prismdomain	321	591	[321, 320, 319, 271, 270]	2.242264169990817	Y321A
Tyr321	prismdomain	321	592	[321, 319, 271, 270]	2.377534348506701	WT
Tyr321	prismdomain	321	592	[321, 320, 319, 271, 270]	2.189636486885766	Y321A
Tyr321	prismdomain	321	593	[321, 319, 271, 270]	2.353590318731893	WT
Tyr321	prismdomain	321	593	[321, 320, 319, 271, 270]	2.230011535448119	Y321A
Tyr321	prismdomain	321	594	[321, 319, 271, 270]	2.3568137464794483	WT
Tyr321	prismdomain	321	594	[321, 320, 319, 271, 270]	2.222292480087115	Y321A
Tyr321	prismdomain	321	595	[321, 319, 271, 270]	2.33108355035409	WT
Tyr321	prismdomain	321	595	[321, 320, 319, 271, 270]	2.185683807106911	Y321A
Tyr321	prismdomain	321	596	[321, 319, 271, 270]	2.134728492437323	WT
Tyr321	prismdomain	321	596	[321, 320, 319, 271, 270]	1.990039019729057	Y321A
Tyr321	prismdomain	321	597	[321, 319, 271, 270]	1.8792107350722231	WT
Tyr321	prismdomain	321	597	[321, 320, 319, 271, 270]	1.731653906758658	Y321A
Tyr321	prismdomain	321	598	[321, 319, 271, 270]	1.696252558869892	WT
Tyr321	prismdomain	321	598	[321, 320, 319, 271, 270]	1.537654504010828	Y321A
Tyr321	prismdomain	321	599	[321, 319, 271, 270]	1.5635794316558957	WT
Tyr321	prismdomain	321	599	[321, 320, 319, 271, 270]	1.398135520738543	Y321A
Tyr321	prismdomain	321	600	[321, 319, 271, 270]	1.5232068210012488	WT
Tyr321	prismdomain	321	600	[321, 320, 319, 271, 270]	1.278914855852582	Y321A
Tyr321	prismdomain	321	601	[321, 319, 271, 270]	1.6788563261509288	WT
Tyr321	prismdomain	321	601	[321, 320, 319, 271, 270]	1.347103878778669	Y321A
Tyr321	prismdomain	321	602	[321, 319, 271, 270]	1.8114569813489159	WT
Tyr321	prismdomain	321	602	[321, 320, 319, 271, 270]	1.4707856871201241	Y321A
Tyr321	prismdomain	321	603	[321, 319, 271, 270]	2.031451807453752	WT
Tyr321	prismdomain	321	603	[321, 320, 319, 271, 270]	1.418563950944918	Y321A
Tyr321	prismdomain	321	604	[321, 319, 271, 270]	2.174342039047294	WT
Tyr321	prismdomain	321	604	[321, 320, 319, 271, 270]	1.537757197721793	Y321A
Tyr321	prismdomain	321	605	[321, 319, 271, 270]	2.2141253629880198	WT
Tyr321	prismdomain	321	605	[321, 320, 319, 271, 270]	1.621053170823154	Y321A
Tyr321	prismdomain	321	606	[321, 319, 271, 270]	2.1012129929930428	WT
Tyr321	prismdomain	321	606	[321, 320, 319, 271, 270]	1.6824565527730009	Y321A
Tyr321	prismdomain	321	607	[321, 319, 271, 270]	2.172583587163436	WT
Tyr321	prismdomain	321	607	[321, 320, 319, 271, 270]	1.540377622734387	Y321A
Tyr321	prismdomain	321	608	[321, 319, 271, 270]	2.239809929800816	WT
Tyr321	prismdomain	321	608	[321, 320, 319, 271, 270]	1.5099121656189691	Y321A
Tyr321	prismdomain	321	609	[321, 319, 271, 270]	2.391552982916001	WT
Tyr321	prismdomain	321	609	[321, 320, 319, 271, 270]	1.389651980158518	Y321A
Tyr321	prismdomain	321	610	[321, 319, 271, 270]	2.520193665796833	WT
Tyr321	prismdomain	321	610	[321, 320, 319, 271, 270]	1.529466214543477	Y321A
Tyr321	prismdomain	321	611	[321, 319, 271, 270]	2.557954851155349	WT
Tyr321	prismdomain	321	611	[321, 320, 319, 271, 270]	1.6257125079855628	Y321A
Tyr321	prismdomain	321	612	[321, 319, 271, 270]	2.620356494957599	WT
Tyr321	prismdomain	321	612	[321, 320, 319, 271, 270]	1.707713713583089	Y321A
Tyr321	prismdomain	321	613	[321, 319, 271, 270]	2.710683226181597	WT
Tyr321	prismdomain	321	613	[321, 320, 319, 271, 270]	1.8327310412222881	Y321A
Tyr321	prismdomain	321	614	[321, 319, 271, 270]	2.6198664207514692	WT
Tyr321	prismdomain	321	614	[321, 320, 319, 271, 270]	1.879942012888063	Y321A
Tyr321	prismdomain	321	615	[321, 319, 271, 270]	2.534280841083955	WT
Tyr321	prismdomain	321	615	[321, 320, 319, 271, 270]	1.8215121106702137	Y321A
Tyr321	prismdomain	321	616	[321, 319, 271, 270]	2.478191609842615	WT
Tyr321	prismdomain	321	616	[321, 320, 319, 271, 270]	1.7582586839721408	Y321A
Tyr321	prismdomain	321	617	[321, 319, 271, 270]	2.4964146414822705	WT
Tyr321	prismdomain	321	617	[321, 320, 319, 271, 270]	1.6675582440393901	Y321A
Tyr321	prismdomain	321	618	[321, 319, 271, 270]	2.410635178263841	WT
Tyr321	prismdomain	321	618	[321, 320, 319, 271, 270]	1.592511936720127	Y321A
Tyr321	prismdomain	321	619	[321, 319, 271, 270]	2.412862073625823	WT
Tyr321	prismdomain	321	619	[321, 320, 319, 271, 270]	1.58261999071447	Y321A
Tyr321	prismdomain	321	620	[321, 319, 271, 270]	2.3917882639541177	WT
Tyr321	prismdomain	321	620	[321, 320, 319, 271, 270]	1.403510893679434	Y321A
Tyr321	prismdomain	321	621	[321, 319, 271, 270]	2.1721060520760367	WT
Tyr321	prismdomain	321	621	[321, 320, 319, 271, 270]	1.340860462432244	Y321A
Tyr321	prismdomain	321	622	[321, 319, 271, 270]	2.3924064410857495	WT
Tyr321	prismdomain	321	622	[321, 320, 319, 271, 270]	1.107384512768115	Y321A
Tyr321	prismdomain	321	623	[321, 319, 271, 270]	2.6074634677929165	WT
Tyr321	prismdomain	321	623	[321, 320, 319, 271, 270]	1.270876067202531	Y321A
Tyr321	prismdomain	321	624	[321, 319, 271, 270]	2.645287611334318	WT
Tyr321	prismdomain	321	624	[321, 320, 319, 271, 270]	1.29156638802764	Y321A
Tyr321	prismdomain	321	625	[321, 319, 271, 270]	2.581481590083575	WT
Tyr321	prismdomain	321	625	[321, 320, 319, 271, 270]	1.150839825426964	Y321A
Tyr321	prismdomain	321	626	[321, 319, 271, 270]	2.326134584248915	WT
Tyr321	prismdomain	321	626	[321, 320, 319, 271, 270]	1.348132096336539	Y321A
Tyr321	prismdomain	321	627	[321, 319, 271, 270]	2.174620238083214	WT
Tyr321	prismdomain	321	627	[321, 320, 319, 271, 270]	1.486278391455537	Y321A
Tyr321	prismdomain	321	628	[321, 319, 271, 270]	2.325176118773302	WT
Tyr321	prismdomain	321	628	[321, 320, 319, 271, 270]	1.628296291437826	Y321A
Tyr321	prismdomain	321	629	[321, 319, 271, 270]	2.437030732169294	WT
Tyr321	prismdomain	321	629	[321, 320, 319, 271, 270]	1.6996754988050822	Y321A
Tyr321	prismdomain	321	630	[321, 319, 271, 270]	2.5219059916412783	WT
Tyr321	prismdomain	321	630	[321, 320, 319, 271, 270]	1.671054519688732	Y321A
Tyr321	prismdomain	321	631	[321, 319, 271, 270]	2.6146030630644033	WT
Tyr321	prismdomain	321	631	[321, 320, 319, 271, 270]	1.7929629473670632	Y321A
Tyr321	prismdomain	321	632	[321, 319, 271, 270]	2.624183277143503	WT
Tyr321	prismdomain	321	632	[321, 320, 319, 271, 270]	1.7538622973041287	Y321A
Tyr321	prismdomain	321	633	[321, 319, 271, 270]	2.678147417093844	WT
Tyr321	prismdomain	321	633	[321, 320, 319, 271, 270]	1.6916486973592377	Y321A
Tyr321	prismdomain	321	634	[321, 319, 271, 270]	2.618994370885535	WT
Tyr321	prismdomain	321	634	[321, 320, 319, 271, 270]	1.6166569001516011	Y321A
Tyr321	prismdomain	321	635	[321, 319, 271, 270]	2.576789766203288	WT
Tyr321	prismdomain	321	635	[321, 320, 319, 271, 270]	1.571913982394213	Y321A
Tyr321	prismdomain	321	636	[321, 319, 271, 270]	2.467515712638164	WT
Tyr321	prismdomain	321	636	[321, 320, 319, 271, 270]	1.485317151606165	Y321A
Tyr321	prismdomain	321	637	[321, 319, 271, 270]	2.400188336315549	WT
Tyr321	prismdomain	321	637	[321, 320, 319, 271, 270]	1.6437267269312672	Y321A
Tyr321	prismdomain	321	638	[321, 319, 271, 270]	2.376446750819391	WT
Tyr321	prismdomain	321	638	[321, 320, 319, 271, 270]	1.7133753978608042	Y321A
Tyr321	prismdomain	321	639	[321, 319, 271, 270]	2.232515239436796	WT
Tyr321	prismdomain	321	639	[321, 320, 319, 271, 270]	1.7987590427227371	Y321A
Tyr321	prismdomain	321	640	[321, 319, 271, 270]	2.301249090807995	WT
Tyr321	prismdomain	321	640	[321, 320, 319, 271, 270]	1.842378006931718	Y321A
Tyr321	prismdomain	321	641	[321, 319, 271, 270]	2.414003397138195	WT
Tyr321	prismdomain	321	641	[321, 320, 319, 271, 270]	1.958097629391683	Y321A
Tyr321	prismdomain	321	642	[321, 319, 271, 270]	2.439443298593022	WT
Tyr321	prismdomain	321	642	[321, 320, 319, 271, 270]	2.0114404041731277	Y321A
Tyr321	prismdomain	321	643	[321, 319, 271, 270]	2.5066055313278177	WT
Tyr321	prismdomain	321	643	[321, 320, 319, 271, 270]	2.0877820649016487	Y321A
Tyr321	prismdomain	321	644	[321, 319, 271, 270]	2.52325435002108	WT
Tyr321	prismdomain	321	644	[321, 320, 319, 271, 270]	2.1601524331679234	Y321A
Tyr321	prismdomain	321	645	[321, 319, 271, 270]	2.537356146890088	WT
Tyr321	prismdomain	321	645	[321, 320, 319, 271, 270]	2.223931537240812	Y321A
Tyr321	prismdomain	321	646	[321, 319, 271, 270]	2.6128408480182035	WT
Tyr321	prismdomain	321	646	[321, 320, 319, 271, 270]	2.3152326790231292	Y321A
Tyr321	prismdomain	321	647	[321, 319, 271, 270]	2.6659811854859354	WT
Tyr321	prismdomain	321	647	[321, 320, 319, 271, 270]	2.2921955742355826	Y321A
Tyr321	prismdomain	321	648	[321, 319, 271, 270]	2.671848641552648	WT
Tyr321	prismdomain	321	648	[321, 320, 319, 271, 270]	2.1864412472836436	Y321A
Tyr321	prismdomain	321	649	[321, 319, 271, 270]	2.6063865272159203	WT
Tyr321	prismdomain	321	649	[321, 320, 319, 271, 270]	2.189648492291641	Y321A
Tyr321	prismdomain	321	650	[321, 319, 271, 270]	2.5965960435565734	WT
Tyr321	prismdomain	321	650	[321, 320, 319, 271, 270]	2.1666992827466145	Y321A
Tyr321	prismdomain	321	651	[321, 319, 271, 270]	2.665257354376488	WT
Tyr321	prismdomain	321	651	[321, 320, 319, 271, 270]	2.1120360573973893	Y321A
Tyr321	prismdomain	321	652	[321, 319, 271, 270]	2.670371437489044	WT
Tyr321	prismdomain	321	652	[321, 320, 319, 271, 270]	2.0500789384379887	Y321A
Tyr321	prismdomain	321	653	[321, 319, 271, 270]	2.678514367304344	WT
Tyr321	prismdomain	321	653	[321, 320, 319, 271, 270]	2.131565265659826	Y321A
Tyr321	prismdomain	321	654	[321, 319, 271, 270]	2.783987989273354	WT
Tyr321	prismdomain	321	654	[321, 320, 319, 271, 270]	2.14395856504402	Y321A
Tyr321	prismdomain	321	655	[321, 319, 271, 270]	2.697849521264308	WT
Tyr321	prismdomain	321	655	[321, 320, 319, 271, 270]	2.232463610161863	Y321A
Tyr321	prismdomain	321	656	[321, 319, 271, 270]	2.578848668191282	WT
Tyr321	prismdomain	321	656	[321, 320, 319, 271, 270]	2.08732318810087	Y321A
Tyr321	prismdomain	321	657	[321, 319, 271, 270]	2.563256741775977	WT
Tyr321	prismdomain	321	657	[321, 320, 319, 271, 270]	2.1247518326909605	Y321A
Tyr321	prismdomain	321	658	[321, 319, 271, 270]	2.464369160670858	WT
Tyr321	prismdomain	321	658	[321, 320, 319, 271, 270]	2.0287442181635362	Y321A
Tyr321	prismdomain	321	659	[321, 319, 271, 270]	2.430645839544926	WT
Tyr321	prismdomain	321	659	[321, 320, 319, 271, 270]	2.057393225364682	Y321A
Tyr321	prismdomain	321	660	[321, 319, 271, 270]	2.576035812446701	WT
Tyr321	prismdomain	321	660	[321, 320, 319, 271, 270]	1.9949634187810137	Y321A
Tyr321	prismdomain	321	661	[321, 319, 271, 270]	2.676870661405256	WT
Tyr321	prismdomain	321	661	[321, 320, 319, 271, 270]	2.064917879159105	Y321A
Tyr321	prismdomain	321	662	[321, 319, 271, 270]	2.7769682483156983	WT
Tyr321	prismdomain	321	662	[321, 320, 319, 271, 270]	2.182796191647795	Y321A
Tyr321	prismdomain	321	663	[321, 319, 271, 270]	2.6727524582334534	WT
Tyr321	prismdomain	321	663	[321, 320, 319, 271, 270]	2.2278896091687086	Y321A
Tyr321	prismdomain	321	664	[321, 319, 271, 270]	2.596827131336	WT
Tyr321	prismdomain	321	664	[321, 320, 319, 271, 270]	2.1297823255605164	Y321A
Tyr321	prismdomain	321	665	[321, 319, 271, 270]	2.558411376674385	WT
Tyr321	prismdomain	321	665	[321, 320, 319, 271, 270]	2.1318543725854604	Y321A
Tyr321	prismdomain	321	666	[321, 319, 271, 270]	2.510476202035277	WT
Tyr321	prismdomain	321	666	[321, 320, 319, 271, 270]	2.064321746415389	Y321A
Tyr321	prismdomain	321	667	[321, 319, 271, 270]	2.522637616708809	WT
Tyr321	prismdomain	321	667	[321, 320, 319, 271, 270]	2.08290976698698	Y321A
Tyr321	prismdomain	321	668	[321, 319, 271, 270]	2.623695634323775	WT
Tyr321	prismdomain	321	668	[321, 320, 319, 271, 270]	2.179988861277885	Y321A
Tyr321	prismdomain	321	669	[321, 319, 271, 270]	2.668173045390518	WT
Tyr321	prismdomain	321	669	[321, 320, 319, 271, 270]	2.2295699814906493	Y321A
Tyr321	prismdomain	321	670	[321, 319, 271, 270]	2.6397710406944532	WT
Tyr321	prismdomain	321	670	[321, 320, 319, 271, 270]	2.1978355592739574	Y321A
Tyr321	prismdomain	321	671	[321, 319, 271, 270]	2.670534336915717	WT
Tyr321	prismdomain	321	671	[321, 320, 319, 271, 270]	2.2386667229634702	Y321A
Tyr321	prismdomain	321	672	[321, 319, 271, 270]	2.735272107420084	WT
Tyr321	prismdomain	321	672	[321, 320, 319, 271, 270]	2.1321792667331714	Y321A
Tyr321	prismdomain	321	673	[321, 319, 271, 270]	2.794410188891306	WT
Tyr321	prismdomain	321	673	[321, 320, 319, 271, 270]	2.117855952599788	Y321A
Tyr321	prismdomain	321	674	[321, 319, 271, 270]	2.892673913676081	WT
Tyr321	prismdomain	321	674	[321, 320, 319, 271, 270]	1.9889063668889149	Y321A
Tyr321	prismdomain	321	675	[321, 319, 271, 270]	2.8374722254854783	WT
Tyr321	prismdomain	321	675	[321, 320, 319, 271, 270]	2.036266114742129	Y321A
Tyr321	prismdomain	321	676	[321, 319, 271, 270]	2.854309441153652	WT
Tyr321	prismdomain	321	676	[321, 320, 319, 271, 270]	2.106209707212583	Y321A
Tyr321	prismdomain	321	677	[321, 319, 271, 270]	2.874375781391516	WT
Tyr321	prismdomain	321	677	[321, 320, 319, 271, 270]	2.1532853069477955	Y321A
Tyr321	prismdomain	321	678	[321, 319, 271, 270]	2.906428973508174	WT
Tyr321	prismdomain	321	678	[321, 320, 319, 271, 270]	2.084577906603161	Y321A
Tyr321	prismdomain	321	679	[321, 319, 271, 270]	2.812765953601243	WT
Tyr321	prismdomain	321	679	[321, 320, 319, 271, 270]	2.0840574982064726	Y321A
Tyr321	prismdomain	321	680	[321, 319, 271, 270]	2.750213375284832	WT
Tyr321	prismdomain	321	680	[321, 320, 319, 271, 270]	2.1606958790626876	Y321A
Tyr321	prismdomain	321	681	[321, 319, 271, 270]	2.7980603770809274	WT
Tyr321	prismdomain	321	681	[321, 320, 319, 271, 270]	2.2252989699873638	Y321A
Tyr321	prismdomain	321	682	[321, 319, 271, 270]	2.880144649974527	WT
Tyr321	prismdomain	321	682	[321, 320, 319, 271, 270]	2.3240043388860303	Y321A
Tyr321	prismdomain	321	683	[321, 319, 271, 270]	2.776660001762833	WT
Tyr321	prismdomain	321	683	[321, 320, 319, 271, 270]	2.3090879082546785	Y321A
Tyr321	prismdomain	321	684	[321, 319, 271, 270]	2.7808998511353664	WT
Tyr321	prismdomain	321	684	[321, 320, 319, 271, 270]	2.324186124359966	Y321A
Tyr321	prismdomain	321	685	[321, 319, 271, 270]	2.6532923413326497	WT
Tyr321	prismdomain	321	685	[321, 320, 319, 271, 270]	2.3243973734809678	Y321A
Tyr321	prismdomain	321	686	[321, 319, 271, 270]	2.5515336375571147	WT
Tyr321	prismdomain	321	686	[321, 320, 319, 271, 270]	2.3786745939285363	Y321A
Tyr321	prismdomain	321	687	[321, 319, 271, 270]	2.545391041491449	WT
Tyr321	prismdomain	321	687	[321, 320, 319, 271, 270]	2.2904396141591055	Y321A
Tyr321	prismdomain	321	688	[321, 319, 271, 270]	2.468193440398763	WT
Tyr321	prismdomain	321	688	[321, 320, 319, 271, 270]	2.202434183682412	Y321A
Tyr321	prismdomain	321	689	[321, 319, 271, 270]	2.4396964727924173	WT
Tyr321	prismdomain	321	689	[321, 320, 319, 271, 270]	2.1402565324111764	Y321A
Tyr321	prismdomain	321	690	[321, 319, 271, 270]	2.4087135262110193	WT
Tyr321	prismdomain	321	690	[321, 320, 319, 271, 270]	2.0628525344642643	Y321A
Tyr321	prismdomain	321	691	[321, 319, 271, 270]	2.441939835503409	WT
Tyr321	prismdomain	321	691	[321, 320, 319, 271, 270]	2.075395350589202	Y321A
Tyr321	prismdomain	321	692	[321, 319, 271, 270]	2.4553622980800887	WT
Tyr321	prismdomain	321	692	[321, 320, 319, 271, 270]	2.0955449602596	Y321A
Tyr321	prismdomain	321	693	[321, 319, 271, 270]	2.4345867445852365	WT
Tyr321	prismdomain	321	693	[321, 320, 319, 271, 270]	2.0352884396753392	Y321A
Tyr321	prismdomain	321	694	[321, 319, 271, 270]	2.3312294816985424	WT
Tyr321	prismdomain	321	694	[321, 320, 319, 271, 270]	1.9345628340050702	Y321A
Tyr321	prismdomain	321	695	[321, 319, 271, 270]	2.1126785060033715	WT
Tyr321	prismdomain	321	695	[321, 320, 319, 271, 270]	1.7801022545092973	Y321A
Tyr321	prismdomain	321	696	[321, 319, 271, 270]	2.020980919992196	WT
Tyr321	prismdomain	321	696	[321, 320, 319, 271, 270]	1.6974028274054571	Y321A
Tyr321	prismdomain	321	697	[321, 319, 271, 270]	1.9250935498563349	WT
Tyr321	prismdomain	321	697	[321, 320, 319, 271, 270]	1.5953574819568361	Y321A
Tyr321	prismdomain	321	698	[321, 319, 271, 270]	1.8146061722770699	WT
Tyr321	prismdomain	321	698	[321, 320, 319, 271, 270]	1.5624937784164201	Y321A
Tyr321	prismdomain	321	699	[321, 319, 271, 270]	1.8864151457096487	WT
Tyr321	prismdomain	321	699	[321, 320, 319, 271, 270]	1.6400734153697791	Y321A
Tyr321	prismdomain	321	700	[321, 319, 271, 270]	1.8593909216352946	WT
Tyr321	prismdomain	321	700	[321, 320, 319, 271, 270]	1.695586472914875	Y321A
Tyr321	prismdomain	321	701	[321, 319, 271, 270]	1.9281819958868838	WT
Tyr321	prismdomain	321	701	[321, 320, 319, 271, 270]	1.817457269218204	Y321A
Tyr321	prismdomain	321	702	[321, 319, 271, 270]	2.062220261454687	WT
Tyr321	prismdomain	321	702	[321, 320, 319, 271, 270]	1.932957541170747	Y321A
Tyr321	prismdomain	321	703	[321, 319, 271, 270]	2.200941017405578	WT
Tyr321	prismdomain	321	703	[321, 320, 319, 271, 270]	1.914297480502361	Y321A
Tyr321	prismdomain	321	704	[321, 319, 271, 270]	2.339722621996938	WT
Tyr321	prismdomain	321	704	[321, 320, 319, 271, 270]	1.9127464618668861	Y321A
Tyr321	prismdomain	321	705	[321, 319, 271, 270]	2.509405322643444	WT
Tyr321	prismdomain	321	705	[321, 320, 319, 271, 270]	1.8859720764343222	Y321A
Tyr321	prismdomain	321	706	[321, 319, 271, 270]	2.471793531999494	WT
Tyr321	prismdomain	321	706	[321, 320, 319, 271, 270]	1.8297351419261851	Y321A
Tyr321	prismdomain	321	707	[321, 319, 271, 270]	2.3429478324228707	WT
Tyr321	prismdomain	321	707	[321, 320, 319, 271, 270]	1.81149364285624	Y321A
Tyr321	prismdomain	321	708	[321, 319, 271, 270]	2.240018133816348	WT
Tyr321	prismdomain	321	708	[321, 320, 319, 271, 270]	1.858851764485087	Y321A
Tyr321	prismdomain	321	709	[321, 319, 271, 270]	2.268379565103561	WT
Tyr321	prismdomain	321	709	[321, 320, 319, 271, 270]	2.000010427052061	Y321A
Tyr321	prismdomain	321	710	[321, 319, 271, 270]	2.314684205210538	WT
Tyr321	prismdomain	321	710	[321, 320, 319, 271, 270]	2.1517742713147388	Y321A
Tyr321	prismdomain	321	711	[321, 319, 271, 270]	2.1912110296553675	WT
Tyr321	prismdomain	321	711	[321, 320, 319, 271, 270]	2.025691105561685	Y321A
Tyr321	prismdomain	321	712	[321, 319, 271, 270]	2.1213587999475925	WT
Tyr321	prismdomain	321	712	[321, 320, 319, 271, 270]	1.9606234038456951	Y321A
Tyr321	prismdomain	321	713	[321, 319, 271, 270]	2.078086997687053	WT
Tyr321	prismdomain	321	713	[321, 320, 319, 271, 270]	1.8449771038966212	Y321A
Tyr321	prismdomain	321	714	[321, 319, 271, 270]	2.011309709226372	WT
Tyr321	prismdomain	321	714	[321, 320, 319, 271, 270]	1.7577498537607492	Y321A
Tyr321	prismdomain	321	715	[321, 319, 271, 270]	2.097045167921527	WT
Tyr321	prismdomain	321	715	[321, 320, 319, 271, 270]	1.7992416272405942	Y321A
Tyr321	prismdomain	321	716	[321, 319, 271, 270]	2.190254987159119	WT
Tyr321	prismdomain	321	716	[321, 320, 319, 271, 270]	1.828612368056631	Y321A
Tyr321	val257	321	257	[321, 319, 271, 270]	1.3355364904654672	WT
Tyr321	val257	321	257	[321, 320, 319, 271, 270]	1.54680254179637	Y321A
Tyr321	allSinkwoprism	321	578	[321, 319, 271, 270]	2.4658641003596378	WT
Tyr321	allSinkwoprism	321	578	[321, 320, 319, 271, 270]	2.529604242333649	Y321A
Tyr321	allSinkwoprism	321	579	[321, 319, 271, 270]	2.439523512857577	WT
Tyr321	allSinkwoprism	321	579	[321, 320, 319, 271, 270]	2.760049432213636	Y321A
Tyr321	allSinkwoprism	321	580	[321, 319, 271, 270]	2.6669850576214333	WT
Tyr321	allSinkwoprism	321	580	[321, 320, 319, 271, 270]	2.859393407922773	Y321A
Tyr321	allSinkwoprism	321	581	[321, 319, 271, 270]	2.7911219318840645	WT
Tyr321	allSinkwoprism	321	581	[321, 320, 319, 271, 270]	3.0439203873616174	Y321A
Tyr321	allSinkwoprism	321	582	[321, 319, 271, 270]	2.837021541283705	WT
Tyr321	allSinkwoprism	321	582	[321, 320, 319, 271, 270]	2.660431040274798	Y321A
Tyr321	allSinkwoprism	321	583	[321, 319, 271, 270]	2.541188209138149	WT
Tyr321	allSinkwoprism	321	583	[321, 320, 319, 271, 270]	2.357635890229929	Y321A
Tyr321	allSinkwoprism	321	584	[321, 319, 271, 270]	2.278714929239659	WT
Tyr321	allSinkwoprism	321	584	[321, 320, 319, 271, 270]	2.083914274264071	Y321A
Tyr321	allSinkwoprism	321	585	[321, 319, 271, 270]	2.249827415651482	WT
Tyr321	allSinkwoprism	321	585	[321, 320, 319, 271, 270]	1.9672556755074322	Y321A
Tyr321	allSinkwoprism	321	292	[321, 319, 271, 270]	1.6199304967607568	WT
Tyr321	allSinkwoprism	321	292	[321, 320, 319, 271, 270]	1.5099115543329291	Y321A
Tyr321	allSinkwoprism	321	293	[321, 319, 271, 270]	1.8277314352133378	WT
Tyr321	allSinkwoprism	321	293	[321, 320, 319, 271, 270]	1.652409063847902	Y321A
Tyr321	allSinkwoprism	321	294	[321, 319, 271, 270]	2.0371695695662977	WT
Tyr321	allSinkwoprism	321	294	[321, 320, 319, 271, 270]	1.874901473737675	Y321A
Tyr321	allSinkwoprism	321	295	[321, 319, 271, 270]	2.229490430851339	WT
Tyr321	allSinkwoprism	321	295	[321, 320, 319, 271, 270]	2.046238443813215	Y321A
Tyr321	allSinkwoprism	321	296	[321, 319, 271, 270]	2.5108644800572666	WT
Tyr321	allSinkwoprism	321	296	[321, 320, 319, 271, 270]	2.9623134810313894	Y321A
Tyr321	allSinkwoprism	321	297	[321, 319, 271, 270]	2.474587145299859	WT
Tyr321	allSinkwoprism	321	297	[321, 320, 319, 271, 270]	2.6171778331791953	Y321A
Tyr321	allSinkwoprism	321	298	[321, 319, 271, 270]	2.773425192891891	WT
Tyr321	allSinkwoprism	321	298	[321, 320, 319, 271, 270]	2.307250956116245	Y321A
Tyr321	allSinkwoprism	321	299	[321, 319, 271, 270]	3.149613961352527	WT
Tyr321	allSinkwoprism	321	299	[321, 320, 319, 271, 270]	2.625759683611761	Y321A
Tyr321	allSinkwoprism	321	300	[321, 319, 271, 270]	3.562725103396543	WT
Tyr321	allSinkwoprism	321	300	[321, 320, 319, 271, 270]	2.918841838364845	Y321A
Tyr321	allSinkwoprism	321	301	[321, 319, 271, 270]	2.840779445346315	WT
Tyr321	allSinkwoprism	321	301	[321, 320, 319, 271, 270]	2.8049622164736405	Y321A
Tyr321	allSinkwoprism	321	302	[321, 319, 271, 270]	2.779186533410326	WT
Tyr321	allSinkwoprism	321	302	[321, 320, 319, 271, 270]	2.6345269012550805	Y321A
Tyr321	allSinkwoprism	321	303	[321, 319, 271, 270]	2.5479662186955228	WT
Tyr321	allSinkwoprism	321	303	[321, 320, 319, 271, 270]	2.5777659754379587	Y321A
Tyr321	allSinkwoprism	321	304	[321, 319, 271, 270]	2.46435592897485	WT
Tyr321	allSinkwoprism	321	304	[321, 320, 319, 271, 270]	2.5069365969561854	Y321A
Tyr321	allSinkwoprism	321	305	[321, 319, 271, 270]	2.5773615640819596	WT
Tyr321	allSinkwoprism	321	305	[321, 320, 319, 271, 270]	2.6808587281758833	Y321A
Tyr321	allSinkwoprism	321	306	[321, 319, 271, 270]	2.460106996975103	WT
Tyr321	allSinkwoprism	321	306	[321, 320, 319, 271, 270]	2.5851826618125617	Y321A
Tyr321	allSinkwoprism	321	307	[321, 319, 271, 270]	2.233707785908746	WT
Tyr321	allSinkwoprism	321	307	[321, 320, 319, 271, 270]	2.3073976030152448	Y321A
Tyr321	allSinkwoprism	321	308	[321, 319, 271, 270]	2.1101404476086367	WT
Tyr321	allSinkwoprism	321	308	[321, 320, 319, 271, 270]	2.019899830578579	Y321A
Tyr321	allSinkwoprism	321	309	[321, 319, 271, 270]	1.8836665900674878	WT
Tyr321	allSinkwoprism	321	309	[321, 320, 319, 271, 270]	1.7606314268293521	Y321A
Tyr321	allSinkwoprism	321	310	[321, 319, 271, 270]	1.823986272103151	WT
Tyr321	allSinkwoprism	321	310	[321, 320, 319, 271, 270]	1.694164694759239	Y321A
Tyr321	allSinkwoprism	321	257	[321, 319, 271, 270]	1.3355364904654672	WT
Tyr321	allSinkwoprism	321	257	[321, 320, 319, 271, 270]	1.54680254179637	Y321A
Tyr321	allSink	321	578	[321, 319, 271, 270]	2.4658641003596378	WT
Tyr321	allSink	321	578	[321, 320, 319, 271, 270]	2.529604242333649	Y321A
Tyr321	allSink	321	579	[321, 319, 271, 270]	2.439523512857577	WT
Tyr321	allSink	321	579	[321, 320, 319, 271, 270]	2.760049432213636	Y321A
Tyr321	allSink	321	580	[321, 319, 271, 270]	2.6669850576214333	WT
Tyr321	allSink	321	580	[321, 320, 319, 271, 270]	2.859393407922773	Y321A
Tyr321	allSink	321	581	[321, 319, 271, 270]	2.7911219318840645	WT
Tyr321	allSink	321	581	[321, 320, 319, 271, 270]	3.0439203873616174	Y321A
Tyr321	allSink	321	582	[321, 319, 271, 270]	2.837021541283705	WT
Tyr321	allSink	321	582	[321, 320, 319, 271, 270]	2.660431040274798	Y321A
Tyr321	allSink	321	583	[321, 319, 271, 270]	2.541188209138149	WT
Tyr321	allSink	321	583	[321, 320, 319, 271, 270]	2.357635890229929	Y321A
Tyr321	allSink	321	584	[321, 319, 271, 270]	2.278714929239659	WT
Tyr321	allSink	321	584	[321, 320, 319, 271, 270]	2.083914274264071	Y321A
Tyr321	allSink	321	585	[321, 319, 271, 270]	2.249827415651482	WT
Tyr321	allSink	321	585	[321, 320, 319, 271, 270]	1.9672556755074322	Y321A
Tyr321	allSink	321	292	[321, 319, 271, 270]	1.6199304967607568	WT
Tyr321	allSink	321	292	[321, 320, 319, 271, 270]	1.5099115543329291	Y321A
Tyr321	allSink	321	293	[321, 319, 271, 270]	1.8277314352133378	WT
Tyr321	allSink	321	293	[321, 320, 319, 271, 270]	1.652409063847902	Y321A
Tyr321	allSink	321	294	[321, 319, 271, 270]	2.0371695695662977	WT
Tyr321	allSink	321	294	[321, 320, 319, 271, 270]	1.874901473737675	Y321A
Tyr321	allSink	321	295	[321, 319, 271, 270]	2.229490430851339	WT
Tyr321	allSink	321	295	[321, 320, 319, 271, 270]	2.046238443813215	Y321A
Tyr321	allSink	321	296	[321, 319, 271, 270]	2.5108644800572666	WT
Tyr321	allSink	321	296	[321, 320, 319, 271, 270]	2.9623134810313894	Y321A
Tyr321	allSink	321	297	[321, 319, 271, 270]	2.474587145299859	WT
Tyr321	allSink	321	297	[321, 320, 319, 271, 270]	2.6171778331791953	Y321A
Tyr321	allSink	321	298	[321, 319, 271, 270]	2.773425192891891	WT
Tyr321	allSink	321	298	[321, 320, 319, 271, 270]	2.307250956116245	Y321A
Tyr321	allSink	321	299	[321, 319, 271, 270]	3.149613961352527	WT
Tyr321	allSink	321	299	[321, 320, 319, 271, 270]	2.625759683611761	Y321A
Tyr321	allSink	321	300	[321, 319, 271, 270]	3.562725103396543	WT
Tyr321	allSink	321	300	[321, 320, 319, 271, 270]	2.918841838364845	Y321A
Tyr321	allSink	321	301	[321, 319, 271, 270]	2.840779445346315	WT
Tyr321	allSink	321	301	[321, 320, 319, 271, 270]	2.8049622164736405	Y321A
Tyr321	allSink	321	302	[321, 319, 271, 270]	2.779186533410326	WT
Tyr321	allSink	321	302	[321, 320, 319, 271, 270]	2.6345269012550805	Y321A
Tyr321	allSink	321	303	[321, 319, 271, 270]	2.5479662186955228	WT
Tyr321	allSink	321	303	[321, 320, 319, 271, 270]	2.5777659754379587	Y321A
Tyr321	allSink	321	304	[321, 319, 271, 270]	2.46435592897485	WT
Tyr321	allSink	321	304	[321, 320, 319, 271, 270]	2.5069365969561854	Y321A
Tyr321	allSink	321	305	[321, 319, 271, 270]	2.5773615640819596	WT
Tyr321	allSink	321	305	[321, 320, 319, 271, 270]	2.6808587281758833	Y321A
Tyr321	allSink	321	306	[321, 319, 271, 270]	2.460106996975103	WT
Tyr321	allSink	321	306	[321, 320, 319, 271, 270]	2.5851826618125617	Y321A
Tyr321	allSink	321	307	[321, 319, 271, 270]	2.233707785908746	WT
Tyr321	allSink	321	307	[321, 320, 319, 271, 270]	2.3073976030152448	Y321A
Tyr321	allSink	321	308	[321, 319, 271, 270]	2.1101404476086367	WT
Tyr321	allSink	321	308	[321, 320, 319, 271, 270]	2.019899830578579	Y321A
Tyr321	allSink	321	309	[321, 319, 271, 270]	1.8836665900674878	WT
Tyr321	allSink	321	309	[321, 320, 319, 271, 270]	1.7606314268293521	Y321A
Tyr321	allSink	321	310	[321, 319, 271, 270]	1.823986272103151	WT
Tyr321	allSink	321	310	[321, 320, 319, 271, 270]	1.694164694759239	Y321A
Tyr321	allSink	321	586	[321, 319, 271, 270]	2.1707578593707453	WT
Tyr321	allSink	321	586	[321, 320, 319, 271, 270]	1.9236782720244483	Y321A
Tyr321	allSink	321	587	[321, 319, 271, 270]	2.2209170679384482	WT
Tyr321	allSink	321	587	[321, 320, 319, 271, 270]	1.9936630648751472	Y321A
Tyr321	allSink	321	588	[321, 319, 271, 270]	2.3383131295019375	WT
Tyr321	allSink	321	588	[321, 320, 319, 271, 270]	2.111650953996814	Y321A
Tyr321	allSink	321	589	[321, 319, 271, 270]	2.3356361307984255	WT
Tyr321	allSink	321	589	[321, 320, 319, 271, 270]	2.167053097342062	Y321A
Tyr321	allSink	321	590	[321, 319, 271, 270]	2.3663296785995023	WT
Tyr321	allSink	321	590	[321, 320, 319, 271, 270]	2.190941297238116	Y321A
Tyr321	allSink	321	591	[321, 319, 271, 270]	2.4449744924436043	WT
Tyr321	allSink	321	591	[321, 320, 319, 271, 270]	2.242264169990817	Y321A
Tyr321	allSink	321	592	[321, 319, 271, 270]	2.377534348506701	WT
Tyr321	allSink	321	592	[321, 320, 319, 271, 270]	2.189636486885766	Y321A
Tyr321	allSink	321	593	[321, 319, 271, 270]	2.353590318731893	WT
Tyr321	allSink	321	593	[321, 320, 319, 271, 270]	2.230011535448119	Y321A
Tyr321	allSink	321	594	[321, 319, 271, 270]	2.3568137464794483	WT
Tyr321	allSink	321	594	[321, 320, 319, 271, 270]	2.222292480087115	Y321A
Tyr321	allSink	321	595	[321, 319, 271, 270]	2.33108355035409	WT
Tyr321	allSink	321	595	[321, 320, 319, 271, 270]	2.185683807106911	Y321A
Tyr321	allSink	321	596	[321, 319, 271, 270]	2.134728492437323	WT
Tyr321	allSink	321	596	[321, 320, 319, 271, 270]	1.990039019729057	Y321A
Tyr321	allSink	321	597	[321, 319, 271, 270]	1.8792107350722231	WT
Tyr321	allSink	321	597	[321, 320, 319, 271, 270]	1.731653906758658	Y321A
Tyr321	allSink	321	598	[321, 319, 271, 270]	1.696252558869892	WT
Tyr321	allSink	321	598	[321, 320, 319, 271, 270]	1.537654504010828	Y321A
Tyr321	allSink	321	599	[321, 319, 271, 270]	1.5635794316558957	WT
Tyr321	allSink	321	599	[321, 320, 319, 271, 270]	1.398135520738543	Y321A
Tyr321	allSink	321	600	[321, 319, 271, 270]	1.5232068210012488	WT
Tyr321	allSink	321	600	[321, 320, 319, 271, 270]	1.278914855852582	Y321A
Tyr321	allSink	321	601	[321, 319, 271, 270]	1.6788563261509288	WT
Tyr321	allSink	321	601	[321, 320, 319, 271, 270]	1.347103878778669	Y321A
Tyr321	allSink	321	602	[321, 319, 271, 270]	1.8114569813489159	WT
Tyr321	allSink	321	602	[321, 320, 319, 271, 270]	1.4707856871201241	Y321A
Tyr321	allSink	321	603	[321, 319, 271, 270]	2.031451807453752	WT
Tyr321	allSink	321	603	[321, 320, 319, 271, 270]	1.418563950944918	Y321A
Tyr321	allSink	321	604	[321, 319, 271, 270]	2.174342039047294	WT
Tyr321	allSink	321	604	[321, 320, 319, 271, 270]	1.537757197721793	Y321A
Tyr321	allSink	321	605	[321, 319, 271, 270]	2.2141253629880198	WT
Tyr321	allSink	321	605	[321, 320, 319, 271, 270]	1.621053170823154	Y321A
Tyr321	allSink	321	606	[321, 319, 271, 270]	2.1012129929930428	WT
Tyr321	allSink	321	606	[321, 320, 319, 271, 270]	1.6824565527730009	Y321A
Tyr321	allSink	321	607	[321, 319, 271, 270]	2.172583587163436	WT
Tyr321	allSink	321	607	[321, 320, 319, 271, 270]	1.540377622734387	Y321A
Tyr321	allSink	321	608	[321, 319, 271, 270]	2.239809929800816	WT
Tyr321	allSink	321	608	[321, 320, 319, 271, 270]	1.5099121656189691	Y321A
Tyr321	allSink	321	609	[321, 319, 271, 270]	2.391552982916001	WT
Tyr321	allSink	321	609	[321, 320, 319, 271, 270]	1.389651980158518	Y321A
Tyr321	allSink	321	610	[321, 319, 271, 270]	2.520193665796833	WT
Tyr321	allSink	321	610	[321, 320, 319, 271, 270]	1.529466214543477	Y321A
Tyr321	allSink	321	611	[321, 319, 271, 270]	2.557954851155349	WT
Tyr321	allSink	321	611	[321, 320, 319, 271, 270]	1.6257125079855628	Y321A
Tyr321	allSink	321	612	[321, 319, 271, 270]	2.620356494957599	WT
Tyr321	allSink	321	612	[321, 320, 319, 271, 270]	1.707713713583089	Y321A
Tyr321	allSink	321	613	[321, 319, 271, 270]	2.710683226181597	WT
Tyr321	allSink	321	613	[321, 320, 319, 271, 270]	1.8327310412222881	Y321A
Tyr321	allSink	321	614	[321, 319, 271, 270]	2.6198664207514692	WT
Tyr321	allSink	321	614	[321, 320, 319, 271, 270]	1.879942012888063	Y321A
Tyr321	allSink	321	615	[321, 319, 271, 270]	2.534280841083955	WT
Tyr321	allSink	321	615	[321, 320, 319, 271, 270]	1.8215121106702137	Y321A
Tyr321	allSink	321	616	[321, 319, 271, 270]	2.478191609842615	WT
Tyr321	allSink	321	616	[321, 320, 319, 271, 270]	1.7582586839721408	Y321A
Tyr321	allSink	321	617	[321, 319, 271, 270]	2.4964146414822705	WT
Tyr321	allSink	321	617	[321, 320, 319, 271, 270]	1.6675582440393901	Y321A
Tyr321	allSink	321	618	[321, 319, 271, 270]	2.410635178263841	WT
Tyr321	allSink	321	618	[321, 320, 319, 271, 270]	1.592511936720127	Y321A
Tyr321	allSink	321	619	[321, 319, 271, 270]	2.412862073625823	WT
Tyr321	allSink	321	619	[321, 320, 319, 271, 270]	1.58261999071447	Y321A
Tyr321	allSink	321	620	[321, 319, 271, 270]	2.3917882639541177	WT
Tyr321	allSink	321	620	[321, 320, 319, 271, 270]	1.403510893679434	Y321A
Tyr321	allSink	321	621	[321, 319, 271, 270]	2.1721060520760367	WT
Tyr321	allSink	321	621	[321, 320, 319, 271, 270]	1.340860462432244	Y321A
Tyr321	allSink	321	622	[321, 319, 271, 270]	2.3924064410857495	WT
Tyr321	allSink	321	622	[321, 320, 319, 271, 270]	1.107384512768115	Y321A
Tyr321	allSink	321	623	[321, 319, 271, 270]	2.6074634677929165	WT
Tyr321	allSink	321	623	[321, 320, 319, 271, 270]	1.270876067202531	Y321A
Tyr321	allSink	321	624	[321, 319, 271, 270]	2.645287611334318	WT
Tyr321	allSink	321	624	[321, 320, 319, 271, 270]	1.29156638802764	Y321A
Tyr321	allSink	321	625	[321, 319, 271, 270]	2.581481590083575	WT
Tyr321	allSink	321	625	[321, 320, 319, 271, 270]	1.150839825426964	Y321A
Tyr321	allSink	321	626	[321, 319, 271, 270]	2.326134584248915	WT
Tyr321	allSink	321	626	[321, 320, 319, 271, 270]	1.348132096336539	Y321A
Tyr321	allSink	321	627	[321, 319, 271, 270]	2.174620238083214	WT
Tyr321	allSink	321	627	[321, 320, 319, 271, 270]	1.486278391455537	Y321A
Tyr321	allSink	321	628	[321, 319, 271, 270]	2.325176118773302	WT
Tyr321	allSink	321	628	[321, 320, 319, 271, 270]	1.628296291437826	Y321A
Tyr321	allSink	321	629	[321, 319, 271, 270]	2.437030732169294	WT
Tyr321	allSink	321	629	[321, 320, 319, 271, 270]	1.6996754988050822	Y321A
Tyr321	allSink	321	630	[321, 319, 271, 270]	2.5219059916412783	WT
Tyr321	allSink	321	630	[321, 320, 319, 271, 270]	1.671054519688732	Y321A
Tyr321	allSink	321	631	[321, 319, 271, 270]	2.6146030630644033	WT
Tyr321	allSink	321	631	[321, 320, 319, 271, 270]	1.7929629473670632	Y321A
Tyr321	allSink	321	632	[321, 319, 271, 270]	2.624183277143503	WT
Tyr321	allSink	321	632	[321, 320, 319, 271, 270]	1.7538622973041287	Y321A
Tyr321	allSink	321	633	[321, 319, 271, 270]	2.678147417093844	WT
Tyr321	allSink	321	633	[321, 320, 319, 271, 270]	1.6916486973592377	Y321A
Tyr321	allSink	321	634	[321, 319, 271, 270]	2.618994370885535	WT
Tyr321	allSink	321	634	[321, 320, 319, 271, 270]	1.6166569001516011	Y321A
Tyr321	allSink	321	635	[321, 319, 271, 270]	2.576789766203288	WT
Tyr321	allSink	321	635	[321, 320, 319, 271, 270]	1.571913982394213	Y321A
Tyr321	allSink	321	636	[321, 319, 271, 270]	2.467515712638164	WT
Tyr321	allSink	321	636	[321, 320, 319, 271, 270]	1.485317151606165	Y321A
Tyr321	allSink	321	637	[321, 319, 271, 270]	2.400188336315549	WT
Tyr321	allSink	321	637	[321, 320, 319, 271, 270]	1.6437267269312672	Y321A
Tyr321	allSink	321	638	[321, 319, 271, 270]	2.376446750819391	WT
Tyr321	allSink	321	638	[321, 320, 319, 271, 270]	1.7133753978608042	Y321A
Tyr321	allSink	321	639	[321, 319, 271, 270]	2.232515239436796	WT
Tyr321	allSink	321	639	[321, 320, 319, 271, 270]	1.7987590427227371	Y321A
Tyr321	allSink	321	640	[321, 319, 271, 270]	2.301249090807995	WT
Tyr321	allSink	321	640	[321, 320, 319, 271, 270]	1.842378006931718	Y321A
Tyr321	allSink	321	641	[321, 319, 271, 270]	2.414003397138195	WT
Tyr321	allSink	321	641	[321, 320, 319, 271, 270]	1.958097629391683	Y321A
Tyr321	allSink	321	642	[321, 319, 271, 270]	2.439443298593022	WT
Tyr321	allSink	321	642	[321, 320, 319, 271, 270]	2.0114404041731277	Y321A
Tyr321	allSink	321	643	[321, 319, 271, 270]	2.5066055313278177	WT
Tyr321	allSink	321	643	[321, 320, 319, 271, 270]	2.0877820649016487	Y321A
Tyr321	allSink	321	644	[321, 319, 271, 270]	2.52325435002108	WT
Tyr321	allSink	321	644	[321, 320, 319, 271, 270]	2.1601524331679234	Y321A
Tyr321	allSink	321	645	[321, 319, 271, 270]	2.537356146890088	WT
Tyr321	allSink	321	645	[321, 320, 319, 271, 270]	2.223931537240812	Y321A
Tyr321	allSink	321	646	[321, 319, 271, 270]	2.6128408480182035	WT
Tyr321	allSink	321	646	[321, 320, 319, 271, 270]	2.3152326790231292	Y321A
Tyr321	allSink	321	647	[321, 319, 271, 270]	2.6659811854859354	WT
Tyr321	allSink	321	647	[321, 320, 319, 271, 270]	2.2921955742355826	Y321A
Tyr321	allSink	321	648	[321, 319, 271, 270]	2.671848641552648	WT
Tyr321	allSink	321	648	[321, 320, 319, 271, 270]	2.1864412472836436	Y321A
Tyr321	allSink	321	649	[321, 319, 271, 270]	2.6063865272159203	WT
Tyr321	allSink	321	649	[321, 320, 319, 271, 270]	2.189648492291641	Y321A
Tyr321	allSink	321	650	[321, 319, 271, 270]	2.5965960435565734	WT
Tyr321	allSink	321	650	[321, 320, 319, 271, 270]	2.1666992827466145	Y321A
Tyr321	allSink	321	651	[321, 319, 271, 270]	2.665257354376488	WT
Tyr321	allSink	321	651	[321, 320, 319, 271, 270]	2.1120360573973893	Y321A
Tyr321	allSink	321	652	[321, 319, 271, 270]	2.670371437489044	WT
Tyr321	allSink	321	652	[321, 320, 319, 271, 270]	2.0500789384379887	Y321A
Tyr321	allSink	321	653	[321, 319, 271, 270]	2.678514367304344	WT
Tyr321	allSink	321	653	[321, 320, 319, 271, 270]	2.131565265659826	Y321A
Tyr321	allSink	321	654	[321, 319, 271, 270]	2.783987989273354	WT
Tyr321	allSink	321	654	[321, 320, 319, 271, 270]	2.14395856504402	Y321A
Tyr321	allSink	321	655	[321, 319, 271, 270]	2.697849521264308	WT
Tyr321	allSink	321	655	[321, 320, 319, 271, 270]	2.232463610161863	Y321A
Tyr321	allSink	321	656	[321, 319, 271, 270]	2.578848668191282	WT
Tyr321	allSink	321	656	[321, 320, 319, 271, 270]	2.08732318810087	Y321A
Tyr321	allSink	321	657	[321, 319, 271, 270]	2.563256741775977	WT
Tyr321	allSink	321	657	[321, 320, 319, 271, 270]	2.1247518326909605	Y321A
Tyr321	allSink	321	658	[321, 319, 271, 270]	2.464369160670858	WT
Tyr321	allSink	321	658	[321, 320, 319, 271, 270]	2.0287442181635362	Y321A
Tyr321	allSink	321	659	[321, 319, 271, 270]	2.430645839544926	WT
Tyr321	allSink	321	659	[321, 320, 319, 271, 270]	2.057393225364682	Y321A
Tyr321	allSink	321	660	[321, 319, 271, 270]	2.576035812446701	WT
Tyr321	allSink	321	660	[321, 320, 319, 271, 270]	1.9949634187810137	Y321A
Tyr321	allSink	321	661	[321, 319, 271, 270]	2.676870661405256	WT
Tyr321	allSink	321	661	[321, 320, 319, 271, 270]	2.064917879159105	Y321A
Tyr321	allSink	321	662	[321, 319, 271, 270]	2.7769682483156983	WT
Tyr321	allSink	321	662	[321, 320, 319, 271, 270]	2.182796191647795	Y321A
Tyr321	allSink	321	663	[321, 319, 271, 270]	2.6727524582334534	WT
Tyr321	allSink	321	663	[321, 320, 319, 271, 270]	2.2278896091687086	Y321A
Tyr321	allSink	321	664	[321, 319, 271, 270]	2.596827131336	WT
Tyr321	allSink	321	664	[321, 320, 319, 271, 270]	2.1297823255605164	Y321A
Tyr321	allSink	321	665	[321, 319, 271, 270]	2.558411376674385	WT
Tyr321	allSink	321	665	[321, 320, 319, 271, 270]	2.1318543725854604	Y321A
Tyr321	allSink	321	666	[321, 319, 271, 270]	2.510476202035277	WT
Tyr321	allSink	321	666	[321, 320, 319, 271, 270]	2.064321746415389	Y321A
Tyr321	allSink	321	667	[321, 319, 271, 270]	2.522637616708809	WT
Tyr321	allSink	321	667	[321, 320, 319, 271, 270]	2.08290976698698	Y321A
Tyr321	allSink	321	668	[321, 319, 271, 270]	2.623695634323775	WT
Tyr321	allSink	321	668	[321, 320, 319, 271, 270]	2.179988861277885	Y321A
Tyr321	allSink	321	669	[321, 319, 271, 270]	2.668173045390518	WT
Tyr321	allSink	321	669	[321, 320, 319, 271, 270]	2.2295699814906493	Y321A
Tyr321	allSink	321	670	[321, 319, 271, 270]	2.6397710406944532	WT
Tyr321	allSink	321	670	[321, 320, 319, 271, 270]	2.1978355592739574	Y321A
Tyr321	allSink	321	671	[321, 319, 271, 270]	2.670534336915717	WT
Tyr321	allSink	321	671	[321, 320, 319, 271, 270]	2.2386667229634702	Y321A
Tyr321	allSink	321	672	[321, 319, 271, 270]	2.735272107420084	WT
Tyr321	allSink	321	672	[321, 320, 319, 271, 270]	2.1321792667331714	Y321A
Tyr321	allSink	321	673	[321, 319, 271, 270]	2.794410188891306	WT
Tyr321	allSink	321	673	[321, 320, 319, 271, 270]	2.117855952599788	Y321A
Tyr321	allSink	321	674	[321, 319, 271, 270]	2.892673913676081	WT
Tyr321	allSink	321	674	[321, 320, 319, 271, 270]	1.9889063668889149	Y321A
Tyr321	allSink	321	675	[321, 319, 271, 270]	2.8374722254854783	WT
Tyr321	allSink	321	675	[321, 320, 319, 271, 270]	2.036266114742129	Y321A
Tyr321	allSink	321	676	[321, 319, 271, 270]	2.854309441153652	WT
Tyr321	allSink	321	676	[321, 320, 319, 271, 270]	2.106209707212583	Y321A
Tyr321	allSink	321	677	[321, 319, 271, 270]	2.874375781391516	WT
Tyr321	allSink	321	677	[321, 320, 319, 271, 270]	2.1532853069477955	Y321A
Tyr321	allSink	321	678	[321, 319, 271, 270]	2.906428973508174	WT
Tyr321	allSink	321	678	[321, 320, 319, 271, 270]	2.084577906603161	Y321A
Tyr321	allSink	321	679	[321, 319, 271, 270]	2.812765953601243	WT
Tyr321	allSink	321	679	[321, 320, 319, 271, 270]	2.0840574982064726	Y321A
Tyr321	allSink	321	680	[321, 319, 271, 270]	2.750213375284832	WT
Tyr321	allSink	321	680	[321, 320, 319, 271, 270]	2.1606958790626876	Y321A
Tyr321	allSink	321	681	[321, 319, 271, 270]	2.7980603770809274	WT
Tyr321	allSink	321	681	[321, 320, 319, 271, 270]	2.2252989699873638	Y321A
Tyr321	allSink	321	682	[321, 319, 271, 270]	2.880144649974527	WT
Tyr321	allSink	321	682	[321, 320, 319, 271, 270]	2.3240043388860303	Y321A
Tyr321	allSink	321	683	[321, 319, 271, 270]	2.776660001762833	WT
Tyr321	allSink	321	683	[321, 320, 319, 271, 270]	2.3090879082546785	Y321A
Tyr321	allSink	321	684	[321, 319, 271, 270]	2.7808998511353664	WT
Tyr321	allSink	321	684	[321, 320, 319, 271, 270]	2.324186124359966	Y321A
Tyr321	allSink	321	685	[321, 319, 271, 270]	2.6532923413326497	WT
Tyr321	allSink	321	685	[321, 320, 319, 271, 270]	2.3243973734809678	Y321A
Tyr321	allSink	321	686	[321, 319, 271, 270]	2.5515336375571147	WT
Tyr321	allSink	321	686	[321, 320, 319, 271, 270]	2.3786745939285363	Y321A
Tyr321	allSink	321	687	[321, 319, 271, 270]	2.545391041491449	WT
Tyr321	allSink	321	687	[321, 320, 319, 271, 270]	2.2904396141591055	Y321A
Tyr321	allSink	321	688	[321, 319, 271, 270]	2.468193440398763	WT
Tyr321	allSink	321	688	[321, 320, 319, 271, 270]	2.202434183682412	Y321A
Tyr321	allSink	321	689	[321, 319, 271, 270]	2.4396964727924173	WT
Tyr321	allSink	321	689	[321, 320, 319, 271, 270]	2.1402565324111764	Y321A
Tyr321	allSink	321	690	[321, 319, 271, 270]	2.4087135262110193	WT
Tyr321	allSink	321	690	[321, 320, 319, 271, 270]	2.0628525344642643	Y321A
Tyr321	allSink	321	691	[321, 319, 271, 270]	2.441939835503409	WT
Tyr321	allSink	321	691	[321, 320, 319, 271, 270]	2.075395350589202	Y321A
Tyr321	allSink	321	692	[321, 319, 271, 270]	2.4553622980800887	WT
Tyr321	allSink	321	692	[321, 320, 319, 271, 270]	2.0955449602596	Y321A
Tyr321	allSink	321	693	[321, 319, 271, 270]	2.4345867445852365	WT
Tyr321	allSink	321	693	[321, 320, 319, 271, 270]	2.0352884396753392	Y321A
Tyr321	allSink	321	694	[321, 319, 271, 270]	2.3312294816985424	WT
Tyr321	allSink	321	694	[321, 320, 319, 271, 270]	1.9345628340050702	Y321A
Tyr321	allSink	321	695	[321, 319, 271, 270]	2.1126785060033715	WT
Tyr321	allSink	321	695	[321, 320, 319, 271, 270]	1.7801022545092973	Y321A
Tyr321	allSink	321	696	[321, 319, 271, 270]	2.020980919992196	WT
Tyr321	allSink	321	696	[321, 320, 319, 271, 270]	1.6974028274054571	Y321A
Tyr321	allSink	321	697	[321, 319, 271, 270]	1.9250935498563349	WT
Tyr321	allSink	321	697	[321, 320, 319, 271, 270]	1.5953574819568361	Y321A
Tyr321	allSink	321	698	[321, 319, 271, 270]	1.8146061722770699	WT
Tyr321	allSink	321	698	[321, 320, 319, 271, 270]	1.5624937784164201	Y321A
Tyr321	allSink	321	699	[321, 319, 271, 270]	1.8864151457096487	WT
Tyr321	allSink	321	699	[321, 320, 319, 271, 270]	1.6400734153697791	Y321A
Tyr321	allSink	321	700	[321, 319, 271, 270]	1.8593909216352946	WT
Tyr321	allSink	321	700	[321, 320, 319, 271, 270]	1.695586472914875	Y321A
Tyr321	allSink	321	701	[321, 319, 271, 270]	1.9281819958868838	WT
Tyr321	allSink	321	701	[321, 320, 319, 271, 270]	1.817457269218204	Y321A
Tyr321	allSink	321	702	[321, 319, 271, 270]	2.062220261454687	WT
Tyr321	allSink	321	702	[321, 320, 319, 271, 270]	1.932957541170747	Y321A
Tyr321	allSink	321	703	[321, 319, 271, 270]	2.200941017405578	WT
Tyr321	allSink	321	703	[321, 320, 319, 271, 270]	1.914297480502361	Y321A
Tyr321	allSink	321	704	[321, 319, 271, 270]	2.339722621996938	WT
Tyr321	allSink	321	704	[321, 320, 319, 271, 270]	1.9127464618668861	Y321A
Tyr321	allSink	321	705	[321, 319, 271, 270]	2.509405322643444	WT
Tyr321	allSink	321	705	[321, 320, 319, 271, 270]	1.8859720764343222	Y321A
Tyr321	allSink	321	706	[321, 319, 271, 270]	2.471793531999494	WT
Tyr321	allSink	321	706	[321, 320, 319, 271, 270]	1.8297351419261851	Y321A
Tyr321	allSink	321	707	[321, 319, 271, 270]	2.3429478324228707	WT
Tyr321	allSink	321	707	[321, 320, 319, 271, 270]	1.81149364285624	Y321A
Tyr321	allSink	321	708	[321, 319, 271, 270]	2.240018133816348	WT
Tyr321	allSink	321	708	[321, 320, 319, 271, 270]	1.858851764485087	Y321A
Tyr321	allSink	321	709	[321, 319, 271, 270]	2.268379565103561	WT
Tyr321	allSink	321	709	[321, 320, 319, 271, 270]	2.000010427052061	Y321A
Tyr321	allSink	321	710	[321, 319, 271, 270]	2.314684205210538	WT
Tyr321	allSink	321	710	[321, 320, 319, 271, 270]	2.1517742713147388	Y321A
Tyr321	allSink	321	711	[321, 319, 271, 270]	2.1912110296553675	WT
Tyr321	allSink	321	711	[321, 320, 319, 271, 270]	2.025691105561685	Y321A
Tyr321	allSink	321	712	[321, 319, 271, 270]	2.1213587999475925	WT
Tyr321	allSink	321	712	[321, 320, 319, 271, 270]	1.9606234038456951	Y321A
Tyr321	allSink	321	713	[321, 319, 271, 270]	2.078086997687053	WT
Tyr321	allSink	321	713	[321, 320, 319, 271, 270]	1.8449771038966212	Y321A
Tyr321	allSink	321	714	[321, 319, 271, 270]	2.011309709226372	WT
Tyr321	allSink	321	714	[321, 320, 319, 271, 270]	1.7577498537607492	Y321A
Tyr321	allSink	321	715	[321, 319, 271, 270]	2.097045167921527	WT
Tyr321	allSink	321	715	[321, 320, 319, 271, 270]	1.7992416272405942	Y321A
Tyr321	allSink	321	716	[321, 319, 271, 270]	2.190254987159119	WT
Tyr321	allSink	321	716	[321, 320, 319, 271, 270]	1.828612368056631	Y321A
Tyr321	allSink	321	257	[321, 319, 271, 270]	1.3355364904654672	WT
Tyr321	allSink	321	257	[321, 320, 319, 271, 270]	1.54680254179637	Y321A
